borough,cuisine
Brooklyn,American 
Bronx,Bakery
Manhattan,Irish
Queens,Jewish/Kosher
Staten Island,Jewish/Kosher
Queens,American 
Brooklyn,Hamburgers
Brooklyn,Delicatessen
Brooklyn,American 
Brooklyn,"Ice Cream, Gelato, Yogurt, Ices"
Brooklyn,American 
Brooklyn,Chinese
Brooklyn,Jewish/Kosher
Brooklyn,"Ice Cream, Gelato, Yogurt, Ices"
Queens,"Ice Cream, Gelato, Yogurt, Ices"
Brooklyn,Delicatessen
Manhattan,American 
Brooklyn,American 
Queens,Delicatessen
Bronx,American 
Manhattan,American 
Queens,Delicatessen
Manhattan,Chicken
Manhattan,American 
Manhattan,American 
Brooklyn,Hamburgers
Manhattan,Delicatessen
Queens,Chinese
Brooklyn,Caribbean
Manhattan,American 
Bronx,"Ice Cream, Gelato, Yogurt, Ices"
Brooklyn,Donuts
Brooklyn,American 
Bronx,Chinese
Manhattan,American 
Manhattan,Bakery
Manhattan,Turkish
Queens,Delicatessen
Staten Island,Delicatessen
Queens,Bagels/Pretzels
Manhattan,Continental
Queens,American 
Manhattan,Pizza
Manhattan,American 
Brooklyn,American 
Manhattan,Sandwiches/Salads/Mixed Buffet
Staten Island,"Ice Cream, Gelato, Yogurt, Ices"
Brooklyn,Chinese
Manhattan,Pizza
Queens,American 
Brooklyn,Jewish/Kosher
Bronx,Chinese
Staten Island,Delicatessen
Brooklyn,Italian
Staten Island,Delicatessen
Manhattan,Chicken
Brooklyn,Steak
Manhattan,American 
Manhattan,American 
Bronx,American 
Manhattan,American 
Manhattan,Italian
Manhattan,American 
Brooklyn,Polish
Manhattan,"Latin (Cuban, Dominican, Puerto Rican, South & Central American)"
Manhattan,American 
Manhattan,American 
Manhattan,American 
Manhattan,American 
Queens,German
Manhattan,American 
Manhattan,Steak
Manhattan,French
Staten Island,American 
Brooklyn,American 
Manhattan,Italian
Manhattan,Continental
Brooklyn,American 
Manhattan,American 
Queens,American 
Manhattan,American 
Brooklyn,American 
Queens,Pizza/Italian
Queens,Pizza
Manhattan,American 
Bronx,American 
Staten Island,American 
Brooklyn,American 
Staten Island,Italian
Manhattan,Italian
Staten Island,American 
Manhattan,Irish
Manhattan,American 
Brooklyn,Donuts
Manhattan,Irish
Manhattan,French
Manhattan,Pizza
Manhattan,American 
Manhattan,Italian
Queens,Jewish/Kosher
Manhattan,Mexican
Brooklyn,Italian
Manhattan,American 
Manhattan,Italian
Manhattan,Spanish
Manhattan,French
Brooklyn,American 
Manhattan,American 
Manhattan,Donuts
Bronx,American 
Manhattan,Irish
Brooklyn,American 
Manhattan,Italian
Queens,Chinese
Queens,American 
Manhattan,American 
Manhattan,American 
Staten Island,American 
Brooklyn,Pizza
Manhattan,Italian
Manhattan,Italian
Brooklyn,Italian
Queens,American 
Queens,Italian
Manhattan,American 
Manhattan,Italian
Manhattan,Pizza
Bronx,Irish
Queens,American 
Manhattan,Café/Coffee/Tea
Manhattan,American 
Manhattan,Chinese
Queens,American 
Queens,American 
Queens,Pizza
Brooklyn,American 
Staten Island,Pizza/Italian
Queens,American 
Manhattan,Italian
Brooklyn,Italian
Queens,"Latin (Cuban, Dominican, Puerto Rican, South & Central American)"
Queens,Italian
Staten Island,Pizza/Italian
Brooklyn,American 
Manhattan,Irish
Manhattan,American 
Manhattan,American 
Queens,Jewish/Kosher
Queens,American 
Brooklyn,American 
Bronx,American 
Manhattan,Spanish
Queens,Chinese
Manhattan,Irish
Queens,Irish
Queens,Jewish/Kosher
Manhattan,American 
Manhattan,Tex-Mex
Staten Island,American 
Manhattan,Chinese
Brooklyn,American 
Bronx,American 
Queens,Italian
Bronx,Pancakes/Waffles
Brooklyn,American 
Brooklyn,Pizza/Italian
Manhattan,Irish
Queens,American 
Queens,Spanish
Queens,American 
Staten Island,American 
Manhattan,American 
Brooklyn,Pizza/Italian
Manhattan,Mexican
Manhattan,Spanish
Bronx,American 
Brooklyn,American 
Manhattan,Irish
Brooklyn,Soul Food
Bronx,Café/Coffee/Tea
Queens,Irish
Queens,American 
Manhattan,American 
Queens,Pizza/Italian
Brooklyn,American 
Manhattan,American 
Manhattan,American 
Manhattan,American 
Queens,German
Manhattan,Italian
Manhattan,American 
Manhattan,American 
Manhattan,American 
Queens,American 
Manhattan,Jewish/Kosher
Queens,Italian
Manhattan,Spanish
Manhattan,American 
Staten Island,American 
Manhattan,Italian
Manhattan,American 
Manhattan,American 
Queens,Seafood
Manhattan,Hotdogs
Queens,Pizza
Brooklyn,Hamburgers
Brooklyn,Greek
Manhattan,Seafood
Queens,Hamburgers
Manhattan,Italian
Brooklyn,Pizza/Italian
Queens,Pizza/Italian
Manhattan,French
Staten Island,Italian
Bronx,Not Listed/Not Applicable
Bronx,African
Bronx,American 
Bronx,American 
Staten Island,Italian
Bronx,American 
Manhattan,American 
Bronx,Café/Coffee/Tea
Manhattan,Seafood
Brooklyn,Jewish/Kosher
Manhattan,American 
Manhattan,American 
Manhattan,American 
Manhattan,American 
Manhattan,American 
Staten Island,American 
Brooklyn,Italian
Manhattan,American 
Manhattan,Steak
Manhattan,American 
Manhattan,Italian
Brooklyn,American 
Manhattan,American 
Manhattan,American 
Manhattan,Spanish
Brooklyn,American 
Manhattan,American 
Manhattan,French
Queens,"Latin (Cuban, Dominican, Puerto Rican, South & Central American)"
Queens,American 
Manhattan,Japanese
Manhattan,French
Manhattan,Italian
Manhattan,American 
Queens,Café/Coffee/Tea
Bronx,American 
Queens,Pizza/Italian
Manhattan,Greek
Brooklyn,American 
Manhattan,French
Manhattan,Japanese
Queens,American 
Queens,Pizza
Staten Island,American 
Bronx,Seafood
Manhattan,American 
Manhattan,French
Manhattan,American 
Brooklyn,Pizza
Manhattan,Japanese
Manhattan,American 
Manhattan,"Latin (Cuban, Dominican, Puerto Rican, South & Central American)"
Manhattan,Café/Coffee/Tea
Brooklyn,Hamburgers
Brooklyn,Café/Coffee/Tea
Brooklyn,American 
Manhattan,American 
Bronx,Seafood
Brooklyn,Hamburgers
Queens,Hamburgers
Bronx,Hamburgers
Queens,Hamburgers
Bronx,American 
Brooklyn,Italian
Manhattan,American 
Manhattan,American 
Manhattan,American 
Brooklyn,Hamburgers
Manhattan,American 
Manhattan,Italian
Manhattan,Irish
Bronx,American 
Bronx,Hamburgers
Queens,Pizza/Italian
Manhattan,American 
Manhattan,American 
Manhattan,Italian
Manhattan,Steak
Queens,American 
Brooklyn,Italian
Manhattan,Hamburgers
Queens,Pizza
Brooklyn,Hamburgers
Queens,Hamburgers
Manhattan,American 
Bronx,American 
Queens,Hamburgers
Manhattan,Indian
Staten Island,Hamburgers
Brooklyn,American 
Brooklyn,Pizza/Italian
Queens,Hamburgers
Manhattan,American 
Manhattan,Italian
Queens,American 
Manhattan,American 
Queens,American 
Queens,American 
Manhattan,Spanish
Manhattan,American 
Manhattan,American 
Queens,Hamburgers
Queens,Hamburgers
Brooklyn,Hamburgers
Staten Island,American 
Manhattan,Japanese
Queens,Italian
Brooklyn,Italian
Manhattan,American 
Queens,American 
Manhattan,Pizza
Queens,Pizza
Brooklyn,Jewish/Kosher
Manhattan,Italian
Manhattan,American 
Queens,French
Brooklyn,Jewish/Kosher
Manhattan,American 
Brooklyn,Italian
Staten Island,American 
Queens,Italian
Manhattan,American 
Manhattan,American 
Brooklyn,American 
Queens,American 
Brooklyn,American 
Staten Island,American 
Bronx,Hamburgers
Queens,American 
Manhattan,French
Staten Island,Italian
Queens,Hamburgers
Manhattan,Italian
Queens,Italian
Queens,Italian
Manhattan,Pizza
Manhattan,American 
Queens,Greek
Brooklyn,American 
Brooklyn,Bakery
Bronx,Pizza
Manhattan,Japanese
Queens,Hamburgers
Manhattan,American 
Brooklyn,Mexican
Staten Island,Chinese
Manhattan,American 
Manhattan,American 
Manhattan,Italian
Brooklyn,Pizza/Italian
Staten Island,American 
Manhattan,Japanese
Manhattan,"Latin (Cuban, Dominican, Puerto Rican, South & Central American)"
Brooklyn,Pizza/Italian
Manhattan,Steak
Manhattan,American 
Queens,Italian
Manhattan,Italian
Brooklyn,American 
Manhattan,Italian
Manhattan,Italian
Brooklyn,Hamburgers
Manhattan,Armenian
Manhattan,Chinese
Queens,Irish
Queens,American 
Bronx,Pancakes/Waffles
Queens,American 
Manhattan,Thai
Manhattan,Pizza/Italian
Bronx,Seafood
Manhattan,Italian
Brooklyn,American 
Bronx,American 
Manhattan,American 
Brooklyn,Pizza
Manhattan,French
Brooklyn,Italian
Manhattan,Japanese
Manhattan,Irish
Queens,Hamburgers
Brooklyn,Hamburgers
Manhattan,Italian
Manhattan,Irish
Queens,American 
Manhattan,Italian
Manhattan,American 
Manhattan,French
Brooklyn,American 
Bronx,Chinese/Cuban
Queens,Pizza
Queens,Pizza/Italian
Manhattan,Italian
Queens,Italian
Manhattan,American 
Manhattan,Indian
Manhattan,American 
Manhattan,Italian
Brooklyn,Italian
Manhattan,American 
Queens,Pizza
Brooklyn,Italian
Queens,American 
Brooklyn,American 
Manhattan,American 
Manhattan,"Ice Cream, Gelato, Yogurt, Ices"
Manhattan,Jewish/Kosher
Queens,Greek
Manhattan,Chinese
Manhattan,Italian
Staten Island,American 
Manhattan,Seafood
Manhattan,American 
Brooklyn,Italian
Queens,Italian
Staten Island,American 
Manhattan,American 
Brooklyn,Mediterranean
Manhattan,French
Manhattan,Delicatessen
Manhattan,Irish
Queens,American 
Manhattan,American 
Manhattan,Japanese
Manhattan,American 
Queens,Irish
Bronx,Seafood
Staten Island,Pizza/Italian
Bronx,Pizza/Italian
Queens,Hamburgers
Manhattan,American 
Brooklyn,Pizza/Italian
Queens,Caribbean
Manhattan,American 
Queens,Italian
Manhattan,American 
Manhattan,Greek
Queens,American 
Manhattan,French
Queens,Donuts
Manhattan,American 
Manhattan,Mexican
Queens,Japanese
Manhattan,Mexican
Brooklyn,Italian
Bronx,Pizza
Brooklyn,Italian
Queens,American 
Manhattan,Italian
Queens,American 
Queens,American 
Manhattan,American 
Brooklyn,American 
Staten Island,American 
Manhattan,Korean
Queens,American 
Manhattan,American 
Brooklyn,Jewish/Kosher
Manhattan,Pizza
Manhattan,Italian
Manhattan,American 
Queens,"Latin (Cuban, Dominican, Puerto Rican, South & Central American)"
Manhattan,Irish
Queens,Seafood
Bronx,Donuts
Manhattan,American 
Manhattan,American 
Manhattan,Japanese
Manhattan,Japanese
Manhattan,American 
Manhattan,American 
Manhattan,Italian
Bronx,Irish
Manhattan,Hamburgers
Manhattan,American 
Queens,American 
Brooklyn,American 
Manhattan,American 
Bronx,Spanish
Bronx,American 
Queens,Pizza
Manhattan,Mexican
Manhattan,American 
Brooklyn,Japanese
Manhattan,American 
Manhattan,French
Brooklyn,"Bottled beverages, including water, sodas, juices, etc."
Manhattan,American 
Queens,Pizza/Italian
Queens,Indian
Manhattan,Italian
Brooklyn,Seafood
Manhattan,Tex-Mex
Manhattan,American 
Brooklyn,Pizza
Manhattan,Greek
Queens,American 
Manhattan,Indian
Brooklyn,Pizza/Italian
Manhattan,Japanese
Brooklyn,American 
Manhattan,Italian
Manhattan,Caribbean
Staten Island,American 
Queens,Italian
Manhattan,American 
Manhattan,Mexican
Staten Island,American 
Brooklyn,American 
Brooklyn,Caribbean
Brooklyn,American 
Brooklyn,Tex-Mex
Manhattan,American 
Manhattan,American 
Manhattan,Café/Coffee/Tea
Brooklyn,Hamburgers
Bronx,American 
Bronx,Pizza
Manhattan,American 
Manhattan,American 
Brooklyn,"Latin (Cuban, Dominican, Puerto Rican, South & Central American)"
Manhattan,Chinese
Manhattan,Italian
Queens,American 
Brooklyn,American 
Bronx,Chicken
Brooklyn,Pizza
Manhattan,Russian
Manhattan,American 
Manhattan,Tex-Mex
Queens,Italian
Queens,Seafood
Queens,Pizza
Queens,Italian
Manhattan,Italian
Manhattan,American 
Manhattan,Pizza
Brooklyn,Pizza/Italian
Manhattan,French
Brooklyn,Bakery
Staten Island,Spanish
Manhattan,American 
Bronx,American 
Manhattan,Russian
Manhattan,American 
Queens,Pizza
Manhattan,American 
Manhattan,American 
Brooklyn,Hamburgers
Staten Island,Italian
Staten Island,Pizza
Manhattan,Italian
Manhattan,American 
Queens,Pizza/Italian
Manhattan,Steak
Manhattan,Irish
Queens,Pizza
Brooklyn,Indian
Bronx,American 
Brooklyn,Polish
Brooklyn,Spanish
Manhattan,Eastern European
Queens,Café/Coffee/Tea
Queens,American 
Manhattan,Japanese
Queens,Donuts
Queens,Bakery
Brooklyn,Pizza
Manhattan,French
Brooklyn,Italian
Manhattan,American 
Brooklyn,American 
Brooklyn,Hamburgers
Brooklyn,American 
Manhattan,Mediterranean
Manhattan,American 
Manhattan,Bakery
Manhattan,American 
Staten Island,Pizza
Manhattan,American 
Brooklyn,American 
Staten Island,Italian
Manhattan,Italian
Manhattan,Jewish/Kosher
Queens,Pizza
Manhattan,Seafood
Manhattan,Japanese
Bronx,American 
Queens,Bakery
Manhattan,Italian
Brooklyn,American 
Manhattan,Italian
Brooklyn,American 
Manhattan,Italian
Manhattan,Pizza
Brooklyn,Steak
Bronx,Pizza/Italian
Staten Island,American 
Staten Island,Japanese
Manhattan,Italian
Bronx,Hamburgers
Brooklyn,Middle Eastern
Staten Island,Donuts
Queens,American 
Queens,American 
Manhattan,Chinese
Bronx,Pizza
Manhattan,American 
Queens,American 
Brooklyn,Pizza
Queens,American 
Queens,American 
Manhattan,Asian
Manhattan,American 
Manhattan,Pizza
Queens,Italian
Brooklyn,American 
Manhattan,American 
Queens,Hamburgers
Manhattan,Greek
Brooklyn,Pizza/Italian
Manhattan,American 
Queens,American 
Bronx,Caribbean
Manhattan,Pizza
Manhattan,Italian
Queens,Pizza
Brooklyn,Hamburgers
Queens,American 
Manhattan,American 
Manhattan,Mexican
Manhattan,"Latin (Cuban, Dominican, Puerto Rican, South & Central American)"
Manhattan,Italian
Queens,Chicken
Bronx,Hamburgers
Manhattan,Italian
Bronx,Hamburgers
Manhattan,Italian
Brooklyn,American 
Manhattan,American 
Staten Island,American 
Manhattan,American 
Manhattan,American 
Manhattan,Pizza/Italian
Manhattan,Delicatessen
Manhattan,Café/Coffee/Tea
Brooklyn,Caribbean
Bronx,Pizza
Bronx,Italian
Queens,American 
Bronx,American 
Staten Island,American 
Manhattan,American 
Manhattan,Italian
Brooklyn,American 
Brooklyn,Italian
Manhattan,Italian
Manhattan,Mexican
Manhattan,"Latin (Cuban, Dominican, Puerto Rican, South & Central American)"
Manhattan,American 
Manhattan,American 
Manhattan,Ethiopian
Brooklyn,Pizza
Manhattan,"Latin (Cuban, Dominican, Puerto Rican, South & Central American)"
Manhattan,Chinese
Manhattan,American 
Manhattan,Italian
Bronx,Hamburgers
Manhattan,American 
Bronx,Pizza
Bronx,Hamburgers
Brooklyn,Jewish/Kosher
Manhattan,Vegetarian
Manhattan,American 
Manhattan,Tex-Mex
Manhattan,Irish
Queens,Pizza
Brooklyn,Chinese
Manhattan,Delicatessen
Bronx,"Latin (Cuban, Dominican, Puerto Rican, South & Central American)"
Bronx,Italian
Staten Island,Bagels/Pretzels
Manhattan,American 
Manhattan,Pizza
Manhattan,Tex-Mex
Brooklyn,American 
Brooklyn,American 
Manhattan,American 
Queens,Pizza
Manhattan,American 
Brooklyn,Hamburgers
Manhattan,Italian
Manhattan,American 
Queens,"Ice Cream, Gelato, Yogurt, Ices"
Manhattan,Italian
Manhattan,American 
Brooklyn,American 
Manhattan,Barbecue
Manhattan,Japanese
Manhattan,Italian
Manhattan,American 
Manhattan,"Latin (Cuban, Dominican, Puerto Rican, South & Central American)"
Manhattan,Japanese
Manhattan,American 
Brooklyn,Eastern European
Bronx,Delicatessen
Manhattan,Tex-Mex
Manhattan,Pizza
Manhattan,"Latin (Cuban, Dominican, Puerto Rican, South & Central American)"
Queens,Italian
Brooklyn,Pizza
Manhattan,Italian
Manhattan,Pizza
Queens,Chinese
Manhattan,American 
Queens,American 
Bronx,Pizza
Manhattan,American 
Manhattan,Mexican
Manhattan,American 
Bronx,Italian
Queens,Steak
Manhattan,Barbecue
Queens,Pizza
Brooklyn,Italian
Manhattan,Mexican
Queens,Pizza
Queens,American 
Manhattan,Café/Coffee/Tea
Manhattan,American 
Queens,American 
Queens,Caribbean
Manhattan,French
Manhattan,Pizza/Italian
Queens,Mexican
Queens,"Latin (Cuban, Dominican, Puerto Rican, South & Central American)"
Manhattan,Middle Eastern
Manhattan,American 
Manhattan,Indian
Brooklyn,Italian
Manhattan,American 
Queens,Italian
Bronx,American 
Queens,Jewish/Kosher
Manhattan,Hamburgers
Staten Island,Indian
Manhattan,Delicatessen
Brooklyn,Chinese
Staten Island,American 
Queens,Pizza
Queens,Hamburgers
Manhattan,Korean
Brooklyn,American 
Queens,Italian
Manhattan,Irish
Bronx,Seafood
Manhattan,American 
Staten Island,Italian
Brooklyn,Irish
Manhattan,American 
Queens,Bakery
Manhattan,Bagels/Pretzels
Manhattan,Mediterranean
Queens,Egyptian
Staten Island,Pizza/Italian
Manhattan,American 
Manhattan,Pizza
Manhattan,Bakery
Manhattan,American 
Manhattan,Irish
Manhattan,Italian
Brooklyn,Pizza/Italian
Manhattan,American 
Manhattan,Pizza
Queens,Bakery
Manhattan,"Latin (Cuban, Dominican, Puerto Rican, South & Central American)"
Brooklyn,American 
Manhattan,American 
Queens,Bakery
Queens,Pizza/Italian
Manhattan,American 
Queens,French
Queens,Chinese
Manhattan,Irish
Manhattan,Italian
Brooklyn,Chinese
Manhattan,English
Bronx,American 
Manhattan,Delicatessen
Brooklyn,"Latin (Cuban, Dominican, Puerto Rican, South & Central American)"
Bronx,Hamburgers
Manhattan,Japanese
Manhattan,Italian
Manhattan,American 
Manhattan,Hamburgers
Manhattan,Bakery
Queens,Hamburgers
Manhattan,American 
Staten Island,American 
Queens,Pancakes/Waffles
Staten Island,Italian
Manhattan,Japanese
Manhattan,American 
Manhattan,Other
Staten Island,Pizza
Manhattan,Mediterranean
Manhattan,Other
Manhattan,Bakery
Manhattan,American 
Queens,Hamburgers
Brooklyn,Spanish
Staten Island,Italian
Manhattan,Bagels/Pretzels
Bronx,American 
Queens,American 
Queens,Donuts
Manhattan,Bagels/Pretzels
Manhattan,Spanish
Manhattan,English
Manhattan,American 
Brooklyn,Pizza/Italian
Manhattan,American 
Manhattan,Italian
Manhattan,Thai
Manhattan,Japanese
Queens,Chinese
Brooklyn,American 
Queens,Pancakes/Waffles
Manhattan,Mexican
Manhattan,Irish
Manhattan,Jewish/Kosher
Brooklyn,Russian
Manhattan,American 
Queens,Greek
Manhattan,American 
Brooklyn,American 
Manhattan,Italian
Queens,"Bottled beverages, including water, sodas, juices, etc."
Manhattan,American 
Queens,"Latin (Cuban, Dominican, Puerto Rican, South & Central American)"
Manhattan,Chinese/Cuban
Queens,American 
Brooklyn,Chinese
Brooklyn,Tex-Mex
Queens,Greek
Brooklyn,Sandwiches
Brooklyn,Pizza/Italian
Manhattan,French
Queens,American 
Manhattan,American 
Manhattan,Hamburgers
Brooklyn,American 
Manhattan,Pizza/Italian
Manhattan,American 
Manhattan,American 
Brooklyn,American 
Bronx,American 
Manhattan,American 
Brooklyn,American 
Manhattan,Italian
Manhattan,Italian
Queens,American 
Queens,"Latin (Cuban, Dominican, Puerto Rican, South & Central American)"
Manhattan,Japanese
Manhattan,American 
Manhattan,Chicken
Queens,American 
Manhattan,Italian
Bronx,"Latin (Cuban, Dominican, Puerto Rican, South & Central American)"
Manhattan,Asian
Queens,American 
Queens,Donuts
Queens,Irish
Queens,Pizza
Manhattan,American 
Brooklyn,Pizza/Italian
Bronx,American 
Manhattan,American 
Queens,Italian
Brooklyn,Italian
Manhattan,Irish
Manhattan,Delicatessen
Queens,Hamburgers
Manhattan,American 
Bronx,American 
Brooklyn,Jewish/Kosher
Queens,Caribbean
Queens,American 
Manhattan,Indian
Queens,Irish
Brooklyn,Pizza
Manhattan,Thai
Manhattan,American 
Manhattan,French
Brooklyn,Italian
Brooklyn,Pizza
Queens,Pizza
Manhattan,Italian
Manhattan,Pizza
Manhattan,Polish
Staten Island,Chinese
Manhattan,Chinese
Manhattan,Italian
Staten Island,Chinese
Manhattan,French
Manhattan,Italian
Brooklyn,Pizza/Italian
Queens,Portuguese
Queens,Italian
Queens,American 
Manhattan,American 
Staten Island,"Ice Cream, Gelato, Yogurt, Ices"
Brooklyn,Pizza
Manhattan,Japanese
Queens,American 
Manhattan,Jewish/Kosher
Manhattan,Irish
Queens,American 
Manhattan,American 
Bronx,American 
Bronx,Bakery
Manhattan,American 
Brooklyn,"Latin (Cuban, Dominican, Puerto Rican, South & Central American)"
Brooklyn,Italian
Manhattan,Italian
Queens,American 
Bronx,American 
Queens,American 
Queens,American 
Queens,Donuts
Manhattan,Chinese
Manhattan,Italian
Manhattan,American 
Queens,Continental
Manhattan,American 
Manhattan,Pizza
Queens,Italian
Manhattan,Russian
Brooklyn,Pizza/Italian
Manhattan,Irish
Manhattan,Pizza
Queens,American 
Queens,Italian
Queens,American 
Queens,American 
Brooklyn,American 
Brooklyn,Chicken
Brooklyn,Donuts
Manhattan,French
Queens,American 
Queens,Caribbean
Bronx,Hamburgers
Queens,American 
Queens,American 
Manhattan,American 
Brooklyn,American 
Queens,Bakery
Queens,Pizza
Brooklyn,Mexican
Brooklyn,American 
Bronx,Hamburgers
Manhattan,American 
Manhattan,American 
Manhattan,Indian
Staten Island,Donuts
Brooklyn,Pizza/Italian
Manhattan,French
Brooklyn,Pizza
Queens,Mexican
Brooklyn,Indonesian
Manhattan,Spanish
Queens,Hamburgers
Manhattan,American 
Queens,Pizza/Italian
Queens,Hamburgers
Bronx,Hamburgers
Staten Island,Hamburgers
Bronx,Pizza
Manhattan,Bagels/Pretzels
Manhattan,French
Manhattan,Italian
Manhattan,French
Manhattan,Delicatessen
Manhattan,Pizza
Manhattan,Jewish/Kosher
Manhattan,American 
Bronx,Chicken
Manhattan,Tex-Mex
Manhattan,Italian
Manhattan,American 
Staten Island,Pizza/Italian
Queens,"Latin (Cuban, Dominican, Puerto Rican, South & Central American)"
Manhattan,American 
Queens,American 
Manhattan,Italian
Manhattan,Chinese/Cuban
Queens,Thai
Manhattan,French
Bronx,Hamburgers
Manhattan,Irish
Manhattan,Bakery
Brooklyn,Polish
Manhattan,Bagels/Pretzels
Manhattan,American 
Brooklyn,Pizza
Queens,Spanish
Manhattan,American 
Brooklyn,Pizza
Manhattan,American 
Manhattan,Irish
Bronx,Pizza
Manhattan,Italian
Manhattan,Café/Coffee/Tea
Queens,Irish
Queens,American 
Manhattan,Italian
Manhattan,American 
Queens,Chicken
Queens,Bakery
Queens,American 
Manhattan,American 
Manhattan,Café/Coffee/Tea
Staten Island,Pizza/Italian
Manhattan,American 
Manhattan,American 
Manhattan,Sandwiches/Salads/Mixed Buffet
Staten Island,American 
Manhattan,Spanish
Manhattan,Chinese
Manhattan,Japanese
Manhattan,Bagels/Pretzels
Manhattan,Pizza
Queens,Jewish/Kosher
Bronx,Hamburgers
Manhattan,Italian
Brooklyn,Steak
Manhattan,American 
Brooklyn,American 
Manhattan,French
Manhattan,Irish
Manhattan,American 
Queens,Jewish/Kosher
Queens,Jewish/Kosher
Manhattan,French
Manhattan,Asian
Manhattan,American 
Manhattan,Japanese
Bronx,Italian
Manhattan,American 
Brooklyn,Pizza/Italian
Queens,Pizza
Manhattan,Japanese
Manhattan,American 
Manhattan,American 
Staten Island,Hamburgers
Brooklyn,Pizza
Brooklyn,Italian
Queens,"Bottled beverages, including water, sodas, juices, etc."
Queens,Caribbean
Manhattan,American 
Manhattan,Barbecue
Manhattan,American 
Queens,American 
Bronx,Bakery
Manhattan,American 
Brooklyn,Pizza/Italian
Brooklyn,American 
Brooklyn,Italian
Manhattan,Pizza/Italian
Queens,American 
Queens,American 
Manhattan,Delicatessen
Manhattan,Italian
Queens,Hamburgers
Queens,Hamburgers
Manhattan,American 
Manhattan,Indian
Queens,Pizza
Manhattan,American 
Queens,American 
Brooklyn,Donuts
Manhattan,Chinese
Staten Island,Italian
Brooklyn,Jewish/Kosher
Manhattan,American 
Manhattan,Italian
Manhattan,Café/Coffee/Tea
Manhattan,Chinese
Brooklyn,American 
Manhattan,American 
Manhattan,Café/Coffee/Tea
Manhattan,Italian
Bronx,"Latin (Cuban, Dominican, Puerto Rican, South & Central American)"
Brooklyn,Chinese
Manhattan,Mexican
Queens,"Latin (Cuban, Dominican, Puerto Rican, South & Central American)"
Queens,Café/Coffee/Tea
Manhattan,American 
Queens,Pizza
Brooklyn,American 
Queens,American 
Manhattan,American 
Bronx,Italian
Manhattan,Café/Coffee/Tea
Brooklyn,Pizza
Brooklyn,Chinese
Bronx,Pizza
Staten Island,American 
Manhattan,American 
Bronx,"Latin (Cuban, Dominican, Puerto Rican, South & Central American)"
Manhattan,Vegetarian
Manhattan,American 
Manhattan,Café/Coffee/Tea
Manhattan,Italian
Manhattan,Café/Coffee/Tea
Manhattan,American 
Manhattan,American 
Manhattan,Italian
Queens,Mexican
Brooklyn,American 
Manhattan,American 
Queens,Pizza
Manhattan,Italian
Manhattan,Italian
Manhattan,Thai
Manhattan,Italian
Manhattan,Turkish
Manhattan,Pizza/Italian
Brooklyn,American 
Queens,Pizza
Manhattan,"Latin (Cuban, Dominican, Puerto Rican, South & Central American)"
Manhattan,Italian
Manhattan,Irish
Queens,Mexican
Queens,American 
Manhattan,Bagels/Pretzels
Manhattan,American 
Queens,"Latin (Cuban, Dominican, Puerto Rican, South & Central American)"
Brooklyn,American 
Manhattan,American 
Manhattan,American 
Queens,American 
Manhattan,American 
Queens,Bakery
Queens,Donuts
Queens,Delicatessen
Brooklyn,Bakery
Brooklyn,Italian
Manhattan,Mediterranean
Bronx,Hamburgers
Manhattan,Café/Coffee/Tea
Brooklyn,"Latin (Cuban, Dominican, Puerto Rican, South & Central American)"
Manhattan,Italian
Manhattan,American 
Queens,Donuts
Manhattan,Pizza
Manhattan,Korean
Manhattan,American 
Brooklyn,Pizza
Manhattan,Hamburgers
Brooklyn,American 
Brooklyn,Jewish/Kosher
Bronx,Bagels/Pretzels
Manhattan,Bakery
Queens,American 
Staten Island,Italian
Manhattan,French
Manhattan,Japanese
Queens,Italian
Brooklyn,Polish
Brooklyn,American 
Brooklyn,Chinese/Japanese
Manhattan,"Latin (Cuban, Dominican, Puerto Rican, South & Central American)"
Manhattan,American 
Manhattan,American 
Queens,"Latin (Cuban, Dominican, Puerto Rican, South & Central American)"
Manhattan,American 
Brooklyn,Pizza
Manhattan,Café/Coffee/Tea
Brooklyn,American 
Manhattan,Café/Coffee/Tea
Manhattan,American 
Brooklyn,Thai
Manhattan,American 
Brooklyn,American 
Manhattan,French
Manhattan,Café/Coffee/Tea
Manhattan,American 
Queens,Bakery
Manhattan,Pizza
Manhattan,Café/Coffee/Tea
Manhattan,American 
Queens,Café/Coffee/Tea
Queens,Pizza
Queens,American 
Manhattan,American 
Brooklyn,American 
Staten Island,American 
Manhattan,Irish
Manhattan,Mediterranean
Brooklyn,Bakery
Manhattan,American 
Brooklyn,Russian
Manhattan,American 
Queens,American 
Brooklyn,Italian
Manhattan,Chinese
Manhattan,American 
Manhattan,Italian
Manhattan,Café/Coffee/Tea
Manhattan,Steak
Manhattan,American 
Bronx,Chicken
Brooklyn,Russian
Queens,American 
Queens,American 
Manhattan,Irish
Staten Island,Pizza
Manhattan,Pizza
Manhattan,Hamburgers
Manhattan,Thai
Manhattan,Irish
Manhattan,Italian
Manhattan,Irish
Queens,Spanish
Manhattan,Mexican
Brooklyn,American 
Manhattan,Italian
Brooklyn,American 
Brooklyn,Jewish/Kosher
Manhattan,Middle Eastern
Queens,Irish
Staten Island,Chinese
Manhattan,French
Manhattan,American 
Queens,Bakery
Manhattan,American 
Manhattan,"Latin (Cuban, Dominican, Puerto Rican, South & Central American)"
Queens,Spanish
Brooklyn,Delicatessen
Brooklyn,"Latin (Cuban, Dominican, Puerto Rican, South & Central American)"
Manhattan,Seafood
Bronx,American 
Brooklyn,American 
Brooklyn,Pizza/Italian
Manhattan,Spanish
Manhattan,Pizza
Bronx,American 
Manhattan,American 
Manhattan,American 
Brooklyn,Pancakes/Waffles
Queens,American 
Manhattan,American 
Queens,Jewish/Kosher
Manhattan,Hamburgers
Queens,American 
Brooklyn,Pizza/Italian
Brooklyn,American 
Manhattan,"Latin (Cuban, Dominican, Puerto Rican, South & Central American)"
Brooklyn,Russian
Manhattan,American 
Manhattan,American 
Manhattan,Chinese
Brooklyn,Jewish/Kosher
Manhattan,Chinese
Manhattan,Delicatessen
Queens,American 
Brooklyn,Donuts
Manhattan,Chinese
Queens,Spanish
Manhattan,American 
Brooklyn,Pizza
Manhattan,American 
Manhattan,Pizza
Queens,Spanish
Queens,American 
Manhattan,American 
Manhattan,American 
Manhattan,American 
Manhattan,Japanese
Brooklyn,Pizza/Italian
Manhattan,Hamburgers
Manhattan,Indian
Manhattan,American 
Manhattan,American 
Queens,Spanish
Manhattan,"Latin (Cuban, Dominican, Puerto Rican, South & Central American)"
Manhattan,Italian
Queens,Pizza
Manhattan,Jewish/Kosher
Brooklyn,American 
Queens,"Latin (Cuban, Dominican, Puerto Rican, South & Central American)"
Brooklyn,American 
Manhattan,Japanese
Queens,American 
Bronx,Hamburgers
Manhattan,Pizza/Italian
Manhattan,Italian
Manhattan,Indonesian
Manhattan,Italian
Staten Island,American 
Bronx,Italian
Queens,American 
Brooklyn,American 
Manhattan,Irish
Queens,American 
Queens,Bakery
Queens,Chinese/Cuban
Manhattan,American 
Manhattan,Delicatessen
Manhattan,American 
Manhattan,Italian
Manhattan,American 
Manhattan,American 
Manhattan,American 
Manhattan,American 
Manhattan,American 
Queens,American 
Manhattan,American 
Manhattan,American 
Manhattan,American 
Manhattan,American 
Manhattan,American 
Manhattan,American 
Manhattan,American 
Manhattan,American 
Manhattan,American 
Manhattan,American 
Bronx,American 
Bronx,American 
Manhattan,American 
Manhattan,American 
Staten Island,American 
Manhattan,American 
Manhattan,American 
Manhattan,American 
Manhattan,American 
Queens,American 
Manhattan,Italian
Queens,Indian
Brooklyn,American 
Manhattan,American 
Manhattan,American 
Manhattan,American 
Queens,American 
Manhattan,American 
Brooklyn,Continental
Manhattan,American 
Queens,American 
Manhattan,American 
Manhattan,American 
Manhattan,American 
Manhattan,American 
Manhattan,American 
Bronx,American 
Manhattan,American 
Manhattan,American 
Manhattan,American 
Manhattan,American 
Manhattan,American 
Manhattan,American 
Manhattan,American 
Manhattan,Café/Coffee/Tea
Manhattan,Bakery
Staten Island,Bakery
Brooklyn,Bakery
Manhattan,American 
Manhattan,Bakery
Staten Island,Bakery
Bronx,Bagels/Pretzels
Queens,Bakery
Bronx,Caribbean
Brooklyn,Bakery
Brooklyn,Bakery
Bronx,Caribbean
Queens,Bakery
Brooklyn,Bakery
Bronx,Italian
Manhattan,Eastern European
Queens,Bakery
Bronx,Bakery
Staten Island,Bakery
Manhattan,American 
Queens,Bakery
Bronx,Caribbean
Queens,Delicatessen
Manhattan,Bagels/Pretzels
Brooklyn,Bakery
Manhattan,Bakery
Brooklyn,Bagels/Pretzels
Brooklyn,Caribbean
Manhattan,Bakery
Manhattan,Jewish/Kosher
Staten Island,Bakery
Staten Island,American 
Queens,Bakery
Manhattan,Bakery
Queens,Bakery
Bronx,Bakery
Queens,Bakery
Manhattan,Chinese
Manhattan,Bakery
Manhattan,American 
Manhattan,Chinese
Bronx,Bakery
Queens,Bakery
Queens,Caribbean
Bronx,Caribbean
Queens,Bakery
Brooklyn,Bagels/Pretzels
Brooklyn,Bakery
Queens,Bakery
Queens,Bagels/Pretzels
Brooklyn,Café/Coffee/Tea
Queens,Bagels/Pretzels
Manhattan,American 
Manhattan,American 
Manhattan,American 
Manhattan,American 
Manhattan,American 
Manhattan,American 
Manhattan,American 
Manhattan,American 
Manhattan,American 
Manhattan,American 
Manhattan,American 
Manhattan,American 
Staten Island,American 
Manhattan,American 
Manhattan,American 
Manhattan,American 
Manhattan,American 
Manhattan,American 
Manhattan,American 
Manhattan,American 
Manhattan,Café/Coffee/Tea
Queens,"Bottled beverages, including water, sodas, juices, etc."
Bronx,"Latin (Cuban, Dominican, Puerto Rican, South & Central American)"
Bronx,Chinese
Brooklyn,Pizza/Italian
Manhattan,American 
Manhattan,Café/Coffee/Tea
Manhattan,Delicatessen
Manhattan,Bakery
Queens,Caribbean
Manhattan,"Latin (Cuban, Dominican, Puerto Rican, South & Central American)"
Staten Island,American 
Manhattan,Delicatessen
Bronx,Bakery
Brooklyn,Donuts
Manhattan,Mexican
Manhattan,Thai
Manhattan,American 
Manhattan,Italian
Manhattan,American 
Manhattan,American 
Manhattan,"Latin (Cuban, Dominican, Puerto Rican, South & Central American)"
Manhattan,American 
Manhattan,Delicatessen
Queens,Pizza/Italian
Brooklyn,Pizza/Italian
Manhattan,Italian
Queens,Caribbean
Manhattan,Italian
Manhattan,Italian
Manhattan,Pizza
Manhattan,Pizza
Brooklyn,Irish
Manhattan,Middle Eastern
Staten Island,Bakery
Queens,Chicken
Brooklyn,Pizza/Italian
Manhattan,Korean
Manhattan,Vegetarian
Queens,American 
Manhattan,Café/Coffee/Tea
Manhattan,Café/Coffee/Tea
Manhattan,Japanese
Bronx,American 
Manhattan,American 
Brooklyn,Hamburgers
Manhattan,Italian
Manhattan,Chinese
Manhattan,Italian
Bronx,Hamburgers
Manhattan,Bakery
Brooklyn,Jewish/Kosher
Bronx,American 
Manhattan,Irish
Queens,Seafood
Manhattan,Seafood
Queens,Bakery
Manhattan,American 
Brooklyn,"Latin (Cuban, Dominican, Puerto Rican, South & Central American)"
Brooklyn,Bakery
Manhattan,American 
Manhattan,American 
Brooklyn,Russian
Brooklyn,Caribbean
Manhattan,"Bottled beverages, including water, sodas, juices, etc."
Staten Island,Hamburgers
Manhattan,Italian
Brooklyn,Mexican
Manhattan,American 
Manhattan,Indian
Manhattan,American 
Brooklyn,American 
Manhattan,American 
Manhattan,Italian
Queens,"Latin (Cuban, Dominican, Puerto Rican, South & Central American)"
Manhattan,American 
Queens,Donuts
Queens,Filipino
Bronx,Hamburgers
Manhattan,Pizza
Manhattan,American 
Manhattan,Seafood
Queens,Korean
Brooklyn,Pizza
Manhattan,Russian
Bronx,Italian
Bronx,American 
Manhattan,Café/Coffee/Tea
Staten Island,American 
Brooklyn,American 
Manhattan,Japanese
Manhattan,American 
Staten Island,Café/Coffee/Tea
Manhattan,Italian
Manhattan,Café/Coffee/Tea
Queens,Bakery
Queens,American 
Queens,Café/Coffee/Tea
Manhattan,Italian
Manhattan,Indian
Brooklyn,Caribbean
Staten Island,Hamburgers
Manhattan,Italian
Bronx,Pizza
Manhattan,American 
Queens,Delicatessen
Brooklyn,Donuts
Queens,American 
Manhattan,Chicken
Manhattan,Café/Coffee/Tea
Manhattan,American 
Manhattan,Café/Coffee/Tea
Manhattan,Café/Coffee/Tea
Manhattan,Café/Coffee/Tea
Bronx,American 
Brooklyn,Hamburgers
Manhattan,Caribbean
Manhattan,Sandwiches/Salads/Mixed Buffet
Bronx,Hamburgers
Manhattan,Delicatessen
Queens,American 
Bronx,Pizza
Bronx,American 
Manhattan,Café/Coffee/Tea
Manhattan,Café/Coffee/Tea
Brooklyn,American 
Bronx,Pizza
Manhattan,Bakery
Queens,Mexican
Manhattan,Pizza/Italian
Manhattan,American 
Manhattan,American 
Manhattan,Pizza
Manhattan,Hamburgers
Manhattan,Indian
Brooklyn,American 
Manhattan,Pizza/Italian
Staten Island,American 
Manhattan,Steak
Manhattan,American 
Manhattan,Italian
Staten Island,American 
Queens,Pizza/Italian
Bronx,Chinese
Queens,Pizza/Italian
Brooklyn,Bakery
Manhattan,Hamburgers
Manhattan,American 
Manhattan,American 
Queens,Indian
Queens,Bakery
Manhattan,American 
Bronx,Bakery
Manhattan,American 
Manhattan,Café/Coffee/Tea
Queens,"Latin (Cuban, Dominican, Puerto Rican, South & Central American)"
Manhattan,American 
Manhattan,"Latin (Cuban, Dominican, Puerto Rican, South & Central American)"
Queens,Pizza
Queens,American 
Manhattan,American 
Manhattan,Italian
Queens,Japanese
Brooklyn,Italian
Manhattan,American 
Manhattan,Indian
Queens,"Juice, Smoothies, Fruit Salads"
Manhattan,Mexican
Manhattan,Indian
Brooklyn,Caribbean
Manhattan,French
Brooklyn,Spanish
Manhattan,Italian
Brooklyn,Delicatessen
Staten Island,Hamburgers
Queens,American 
Manhattan,American 
Manhattan,Continental
Manhattan,Irish
Manhattan,Bakery
Manhattan,Portuguese
Manhattan,Bakery
Queens,Korean
Manhattan,American 
Queens,Italian
Brooklyn,Pizza
Bronx,Chinese/Cuban
Brooklyn,Caribbean
Staten Island,Chinese
Manhattan,American 
Queens,American 
Manhattan,Delicatessen
Queens,Spanish
Staten Island,Italian
Brooklyn,Café/Coffee/Tea
Manhattan,Vegetarian
Brooklyn,Spanish
Brooklyn,Italian
Manhattan,Irish
Brooklyn,American 
Manhattan,American 
Manhattan,American 
Brooklyn,Chinese
Manhattan,"Latin (Cuban, Dominican, Puerto Rican, South & Central American)"
Bronx,Spanish
Manhattan,American 
Queens,Donuts
Manhattan,American 
Manhattan,American 
Manhattan,Hamburgers
Manhattan,American 
Queens,American 
Manhattan,French
Manhattan,American 
Manhattan,Sandwiches
Manhattan,American 
Staten Island,American 
Brooklyn,Caribbean
Manhattan,American 
Brooklyn,Jewish/Kosher
Staten Island,American 
Bronx,American 
Manhattan,American 
Manhattan,Italian
Queens,Delicatessen
Bronx,Caribbean
Manhattan,Italian
Manhattan,American 
Queens,American 
Queens,Pizza
Staten Island,Pizza
Manhattan,Japanese
Brooklyn,Bakery
Manhattan,Pizza
Queens,American 
Brooklyn,Italian
Manhattan,Indian
Queens,American 
Queens,Mediterranean
Brooklyn,Pizza
Manhattan,French
Queens,American 
Queens,Pizza/Italian
Brooklyn,Pizza/Italian
Brooklyn,Bakery
Brooklyn,Pizza
Manhattan,Bagels/Pretzels
Manhattan,Eastern European
Queens,Pizza
Queens,American 
Manhattan,American 
Manhattan,Mexican
Manhattan,American 
Queens,Japanese
Manhattan,"Latin (Cuban, Dominican, Puerto Rican, South & Central American)"
Manhattan,Delicatessen
Manhattan,American 
Brooklyn,American 
Manhattan,American 
Manhattan,Jewish/Kosher
Queens,American 
Manhattan,American 
Bronx,Italian
Bronx,Caribbean
Manhattan,American 
Queens,Italian
Brooklyn,American 
Manhattan,Café/Coffee/Tea
Manhattan,Pizza
Queens,American 
Manhattan,Japanese
Manhattan,Café/Coffee/Tea
Manhattan,Brazilian
Manhattan,Café/Coffee/Tea
Manhattan,American 
Manhattan,Bakery
Queens,Bakery
Brooklyn,American 
Manhattan,Italian
Manhattan,Italian
Manhattan,Middle Eastern
Manhattan,Italian
Brooklyn,Mexican
Queens,Chinese
Brooklyn,Mediterranean
Manhattan,Sandwiches
Queens,American 
Manhattan,American 
Brooklyn,Café/Coffee/Tea
Brooklyn,American 
Brooklyn,American 
Manhattan,Italian
Queens,American 
Queens,Italian
Bronx,Pizza
Manhattan,Hamburgers
Manhattan,Chinese
Manhattan,Italian
Staten Island,Mexican
Staten Island,American 
Bronx,American 
Queens,Chinese
Manhattan,Café/Coffee/Tea
Bronx,Mexican
Bronx,Hamburgers
Queens,Japanese
Staten Island,American 
Manhattan,Delicatessen
Queens,Caribbean
Manhattan,American 
Manhattan,American 
Bronx,"Ice Cream, Gelato, Yogurt, Ices"
Brooklyn,American 
Brooklyn,Pizza
Manhattan,American 
Queens,Donuts
Queens,Pizza
Bronx,Chinese
Staten Island,German
Bronx,Chinese
Queens,Pizza
Manhattan,Sandwiches/Salads/Mixed Buffet
Staten Island,American 
Manhattan,Afghan
Brooklyn,Mexican
Manhattan,Hotdogs
Staten Island,Chinese
Manhattan,American 
Bronx,Chicken
Brooklyn,Pizza
Manhattan,Irish
Brooklyn,"Latin (Cuban, Dominican, Puerto Rican, South & Central American)"
Manhattan,American 
Brooklyn,American 
Manhattan,American 
Queens,"Latin (Cuban, Dominican, Puerto Rican, South & Central American)"
Queens,Chinese
Manhattan,Thai
Bronx,Bakery
Queens,Pizza
Bronx,Chicken
Manhattan,American 
Manhattan,Indian
Queens,Chinese
Bronx,"Latin (Cuban, Dominican, Puerto Rican, South & Central American)"
Bronx,American 
Manhattan,American 
Queens,American 
Manhattan,American 
Manhattan,American 
Manhattan,Turkish
Queens,Pizza
Manhattan,Turkish
Manhattan,American 
Manhattan,Vietnamese/Cambodian/Malaysia
Manhattan,American 
Manhattan,American 
Bronx,Hamburgers
Queens,American 
Manhattan,American 
Manhattan,Steak
Brooklyn,Italian
Manhattan,"Latin (Cuban, Dominican, Puerto Rican, South & Central American)"
Manhattan,American 
Manhattan,Pizza
Manhattan,Italian
Bronx,"Latin (Cuban, Dominican, Puerto Rican, South & Central American)"
Manhattan,American 
Manhattan,Café/Coffee/Tea
Manhattan,Mexican
Bronx,"Latin (Cuban, Dominican, Puerto Rican, South & Central American)"
Brooklyn,Jewish/Kosher
Manhattan,Middle Eastern
Manhattan,Japanese
Queens,Pizza
Manhattan,American 
Manhattan,American 
Manhattan,American 
Manhattan,American 
Manhattan,American 
Manhattan,American 
Manhattan,American 
Manhattan,American 
Manhattan,American 
Manhattan,American 
Manhattan,Bagels/Pretzels
Manhattan,Italian
Manhattan,Japanese
Manhattan,Italian
Queens,American 
Brooklyn,Pizza
Brooklyn,Polish
Manhattan,"Latin (Cuban, Dominican, Puerto Rican, South & Central American)"
Manhattan,American 
Queens,Mediterranean
Manhattan,American 
Manhattan,American 
Manhattan,French
Manhattan,American 
Queens,American 
Manhattan,Middle Eastern
Manhattan,Thai
Manhattan,American 
Brooklyn,Turkish
Manhattan,Sandwiches
Manhattan,American 
Manhattan,American 
Brooklyn,Sandwiches/Salads/Mixed Buffet
Manhattan,American 
Manhattan,Pizza
Queens,"Latin (Cuban, Dominican, Puerto Rican, South & Central American)"
Manhattan,Irish
Queens,Chicken
Manhattan,Italian
Brooklyn,American 
Manhattan,CafÃ©/Coffee/Tea
Staten Island,Bagels/Pretzels
Manhattan,Mediterranean
Manhattan,American 
Brooklyn,American 
Manhattan,American 
Manhattan,American 
Bronx,Mexican
Staten Island,Café/Coffee/Tea
Brooklyn,Jewish/Kosher
Manhattan,Pizza
Manhattan,Italian
Manhattan,Mexican
Queens,Filipino
Brooklyn,Mexican
Manhattan,Café/Coffee/Tea
Queens,Pancakes/Waffles
Manhattan,American 
Queens,Café/Coffee/Tea
Bronx,Bakery
Manhattan,Chinese
Brooklyn,"Latin (Cuban, Dominican, Puerto Rican, South & Central American)"
Manhattan,American 
Manhattan,Italian
Manhattan,American 
Queens,Hamburgers
Manhattan,American 
Queens,Hamburgers
Manhattan,Mexican
Queens,Hamburgers
Bronx,Pizza/Italian
Queens,Chinese
Manhattan,American 
Brooklyn,American 
Manhattan,Italian
Bronx,American 
Manhattan,Italian
Manhattan,Café/Coffee/Tea
Bronx,American 
Manhattan,American 
Manhattan,Café/Coffee/Tea
Manhattan,Japanese
Bronx,Mexican
Manhattan,"Bottled beverages, including water, sodas, juices, etc."
Manhattan,"Juice, Smoothies, Fruit Salads"
Bronx,American 
Manhattan,American 
Manhattan,Tex-Mex
Manhattan,American 
Brooklyn,American 
Bronx,Chinese
Queens,Caribbean
Queens,Indian
Staten Island,Hamburgers
Manhattan,American 
Queens,American 
Bronx,Irish
Manhattan,American 
Brooklyn,Donuts
Queens,Hamburgers
Manhattan,"Ice Cream, Gelato, Yogurt, Ices"
Manhattan,American 
Queens,Bakery
Bronx,Chinese
Manhattan,Italian
Manhattan,American 
Manhattan,Mexican
Manhattan,Italian
Brooklyn,American 
Manhattan,American 
Bronx,Seafood
Manhattan,American 
Manhattan,Italian
Manhattan,Japanese
Manhattan,American 
Manhattan,American 
Brooklyn,Chinese
Manhattan,American 
Bronx,American 
Manhattan,American 
Queens,Delicatessen
Manhattan,Soups & Sandwiches
Brooklyn,Caribbean
Brooklyn,Pizza/Italian
Brooklyn,Mexican
Manhattan,Bakery
Brooklyn,Italian
Bronx,American 
Manhattan,French
Manhattan,American 
Queens,Delicatessen
Brooklyn,Pizza
Manhattan,Greek
Brooklyn,Greek
Manhattan,American 
Manhattan,Café/Coffee/Tea
Queens,Hamburgers
Manhattan,Pizza
Manhattan,Italian
Bronx,Caribbean
Manhattan,Italian
Manhattan,Pizza
Queens,Café/Coffee/Tea
Queens,Irish
Manhattan,American 
Brooklyn,Pizza
Manhattan,American 
Brooklyn,Pizza
Manhattan,Mexican
Manhattan,French
Queens,Caribbean
Manhattan,American 
Brooklyn,Pizza
Queens,Pizza
Brooklyn,American 
Brooklyn,Caribbean
Brooklyn,Pizza
Queens,Spanish
Queens,American 
Manhattan,Seafood
Manhattan,American 
Brooklyn,Chicken
Brooklyn,Hamburgers
Manhattan,American 
Manhattan,Japanese
Queens,Vietnamese/Cambodian/Malaysia
Brooklyn,"Bottled beverages, including water, sodas, juices, etc."
Manhattan,Italian
Manhattan,Italian
Queens,Italian
Bronx,Bakery
Manhattan,Café/Coffee/Tea
Manhattan,Café/Coffee/Tea
Manhattan,Café/Coffee/Tea
Manhattan,Pizza
Manhattan,"Latin (Cuban, Dominican, Puerto Rican, South & Central American)"
Manhattan,Italian
Manhattan,American 
Brooklyn,Jewish/Kosher
Manhattan,American 
Brooklyn,American 
Brooklyn,Café/Coffee/Tea
Manhattan,Japanese
Brooklyn,Pizza
Staten Island,Chicken
Manhattan,American 
Queens,Café/Coffee/Tea
Brooklyn,Pizza
Manhattan,Café/Coffee/Tea
Brooklyn,Café/Coffee/Tea
Manhattan,American 
Manhattan,Mexican
Manhattan,Delicatessen
Manhattan,Italian
Manhattan,Brazilian
Manhattan,Chicken
Manhattan,American 
Queens,"Latin (Cuban, Dominican, Puerto Rican, South & Central American)"
Queens,Pizza
Queens,"Latin (Cuban, Dominican, Puerto Rican, South & Central American)"
Queens,American 
Brooklyn,Italian
Manhattan,Soups & Sandwiches
Manhattan,Korean
Queens,Bakery
Brooklyn,Pizza/Italian
Manhattan,Chinese
Brooklyn,Pizza
Manhattan,Japanese
Manhattan,Mediterranean
Manhattan,Bakery
Manhattan,Sandwiches
Brooklyn,Italian
Manhattan,Italian
Manhattan,Mediterranean
Manhattan,American 
Manhattan,Bakery
Queens,Caribbean
Manhattan,Delicatessen
Manhattan,Bagels/Pretzels
Brooklyn,American 
Bronx,American 
Manhattan,American 
Brooklyn,Hamburgers
Queens,Donuts
Queens,American 
Manhattan,American 
Staten Island,Delicatessen
Manhattan,Delicatessen
Bronx,Bakery
Queens,Pancakes/Waffles
Manhattan,Seafood
Manhattan,Café/Coffee/Tea
Manhattan,Café/Coffee/Tea
Manhattan,Café/Coffee/Tea
Queens,Irish
Queens,Pizza/Italian
Queens,Pizza
Manhattan,Sandwiches/Salads/Mixed Buffet
Brooklyn,Vegetarian
Queens,Caribbean
Manhattan,Italian
Brooklyn,Bakery
Queens,"Latin (Cuban, Dominican, Puerto Rican, South & Central American)"
Manhattan,Afghan
Queens,Spanish
Manhattan,American 
Manhattan,American 
Brooklyn,American 
Brooklyn,American 
Manhattan,American 
Manhattan,Pizza
Queens,Pizza
Manhattan,Café/Coffee/Tea
Manhattan,Café/Coffee/Tea
Queens,Delicatessen
Brooklyn,Pizza/Italian
Manhattan,American 
Brooklyn,American 
Staten Island,Chicken
Queens,"Latin (Cuban, Dominican, Puerto Rican, South & Central American)"
Manhattan,Chinese
Manhattan,American 
Bronx,Hamburgers
Manhattan,Delicatessen
Manhattan,Pizza/Italian
Queens,American 
Queens,Italian
Manhattan,American 
Manhattan,American 
Queens,Hamburgers
Brooklyn,Pizza/Italian
Brooklyn,American 
Queens,American 
Manhattan,American 
Manhattan,American 
Manhattan,Asian
Queens,Pizza/Italian
Manhattan,Mexican
Queens,Pizza/Italian
Manhattan,Italian
Brooklyn,Pizza
Brooklyn,Pizza/Italian
Manhattan,American 
Staten Island,Delicatessen
Manhattan,American 
Manhattan,American 
Manhattan,Japanese
Manhattan,Japanese
Queens,Donuts
Bronx,Pizza/Italian
Manhattan,American 
Brooklyn,"Ice Cream, Gelato, Yogurt, Ices"
Queens,Pizza/Italian
Manhattan,American 
Queens,American 
Bronx,Greek
Brooklyn,"Latin (Cuban, Dominican, Puerto Rican, South & Central American)"
Manhattan,American 
Queens,"Latin (Cuban, Dominican, Puerto Rican, South & Central American)"
Queens,Chinese
Brooklyn,American 
Brooklyn,Chinese
Manhattan,Pizza
Brooklyn,Bakery
Queens,Hamburgers
Manhattan,Pizza
Staten Island,Pizza/Italian
Manhattan,American 
Manhattan,Irish
Brooklyn,Mexican
Brooklyn,American 
Bronx,Hamburgers
Manhattan,Café/Coffee/Tea
Manhattan,Indian
Brooklyn,Pizza/Italian
Manhattan,Pizza
Brooklyn,Polish
Brooklyn,Hamburgers
Manhattan,American 
Brooklyn,Chinese
Brooklyn,Café/Coffee/Tea
Manhattan,American 
Manhattan,French
Manhattan,Bakery
Manhattan,Italian
Brooklyn,Pizza/Italian
Manhattan,Pizza/Italian
Manhattan,American 
Queens,Indian
Manhattan,Café/Coffee/Tea
Brooklyn,American 
Queens,Donuts
Queens,Korean
Manhattan,Chinese
Staten Island,Spanish
Manhattan,Hamburgers
Manhattan,American 
Manhattan,American 
Manhattan,Seafood
Manhattan,French
Manhattan,Japanese
Manhattan,American 
Manhattan,Café/Coffee/Tea
Manhattan,Café/Coffee/Tea
Manhattan,Café/Coffee/Tea
Staten Island,Café/Coffee/Tea
Manhattan,Café/Coffee/Tea
Manhattan,Café/Coffee/Tea
Manhattan,Seafood
Manhattan,Café/Coffee/Tea
Manhattan,American 
Manhattan,American 
Staten Island,Pizza/Italian
Manhattan,American 
Manhattan,Hamburgers
Manhattan,American 
Bronx,American 
Manhattan,Caribbean
Brooklyn,Spanish
Manhattan,Pizza
Manhattan,French
Queens,American 
Manhattan,Pizza/Italian
Manhattan,Pizza
Manhattan,American 
Manhattan,Spanish
Manhattan,Pizza
Manhattan,French
Manhattan,Italian
Brooklyn,American 
Queens,Donuts
Brooklyn,Chinese
Manhattan,Italian
Queens,Greek
Manhattan,American 
Manhattan,Bagels/Pretzels
Manhattan,American 
Manhattan,American 
Queens,American 
Bronx,American 
Queens,"Latin (Cuban, Dominican, Puerto Rican, South & Central American)"
Manhattan,French
Manhattan,American 
Queens,Turkish
Manhattan,American 
Staten Island,Italian
Manhattan,Tapas
Brooklyn,Pizza/Italian
Brooklyn,Bakery
Manhattan,"Juice, Smoothies, Fruit Salads"
Bronx,American 
Staten Island,Hamburgers
Staten Island,Hamburgers
Manhattan,Soups & Sandwiches
Staten Island,Hamburgers
Staten Island,Hamburgers
Staten Island,Pizza/Italian
Brooklyn,"Bottled beverages, including water, sodas, juices, etc."
Manhattan,Chinese
Manhattan,Russian
Queens,American 
Manhattan,American 
Manhattan,American 
Brooklyn,Caribbean
Manhattan,Steak
Manhattan,American 
Manhattan,American 
Brooklyn,Chinese
Brooklyn,Pizza/Italian
Queens,American 
Queens,Pizza
Manhattan,Italian
Manhattan,Café/Coffee/Tea
Brooklyn,Italian
Queens,Café/Coffee/Tea
Manhattan,American 
Brooklyn,Caribbean
Brooklyn,Café/Coffee/Tea
Queens,Pizza
Brooklyn,American 
Brooklyn,Café/Coffee/Tea
Brooklyn,Caribbean
Manhattan,Japanese
Manhattan,American 
Manhattan,Irish
Manhattan,American 
Manhattan,American 
Brooklyn,Chinese
Brooklyn,Pizza/Italian
Manhattan,Afghan
Queens,Indian
Manhattan,American 
Bronx,Pizza
Brooklyn,Italian
Queens,Bakery
Manhattan,American 
Manhattan,Italian
Bronx,Italian
Manhattan,Moroccan
Brooklyn,American 
Bronx,American 
Manhattan,Pizza
Queens,Chinese
Manhattan,American 
Manhattan,American 
Brooklyn,American 
Manhattan,Japanese
Staten Island,American 
Manhattan,Japanese
Manhattan,Italian
Staten Island,American 
Manhattan,American 
Bronx,Seafood
Bronx,Bakery
Brooklyn,Caribbean
Manhattan,Pizza
Bronx,Pizza
Manhattan,Seafood
Bronx,Pizza
Queens,Italian
Bronx,American 
Manhattan,American 
Manhattan,Italian
Brooklyn,Italian
Manhattan,Italian
Brooklyn,Bagels/Pretzels
Queens,Korean
Queens,Delicatessen
Manhattan,German
Manhattan,American 
Brooklyn,Mexican
Queens,Delicatessen
Brooklyn,American 
Manhattan,American 
Manhattan,French
Manhattan,Chinese
Manhattan,American 
Manhattan,Italian
Queens,Tex-Mex
Brooklyn,Pizza
Manhattan,Bagels/Pretzels
Manhattan,American 
Queens,Donuts
Manhattan,American 
Manhattan,American 
Manhattan,American 
Manhattan,Italian
Bronx,Pizza
Manhattan,Chinese
Manhattan,"Bottled beverages, including water, sodas, juices, etc."
Manhattan,American 
Manhattan,American 
Queens,"Latin (Cuban, Dominican, Puerto Rican, South & Central American)"
Manhattan,Vegetarian
Queens,Japanese
Manhattan,"Bottled beverages, including water, sodas, juices, etc."
Manhattan,Café/Coffee/Tea
Brooklyn,Jewish/Kosher
Queens,Spanish
Brooklyn,Bakery
Manhattan,American 
Queens,American 
Queens,Pizza/Italian
Brooklyn,Café/Coffee/Tea
Queens,American 
Brooklyn,Bakery
Manhattan,American 
Staten Island,"Ice Cream, Gelato, Yogurt, Ices"
Manhattan,American 
Brooklyn,Hamburgers
Brooklyn,Hamburgers
Manhattan,American 
Manhattan,Hamburgers
Brooklyn,Mexican
Manhattan,American 
Brooklyn,Bagels/Pretzels
Manhattan,American 
Staten Island,Italian
Manhattan,American 
Manhattan,Italian
Manhattan,American 
Queens,Caribbean
Manhattan,American 
Manhattan,Soups & Sandwiches
Manhattan,Italian
Queens,American 
Brooklyn,American 
Manhattan,American 
Bronx,Bakery
Manhattan,American 
Manhattan,Korean
Manhattan,Vegetarian
Manhattan,American 
Queens,Donuts
Brooklyn,Pizza
Manhattan,American 
Bronx,"Latin (Cuban, Dominican, Puerto Rican, South & Central American)"
Manhattan,American 
Brooklyn,Pizza
Queens,Pizza/Italian
Manhattan,Bakery
Manhattan,Italian
Manhattan,Mediterranean
Brooklyn,American 
Manhattan,American 
Manhattan,American 
Queens,American 
Queens,American 
Queens,American 
Queens,Indian
Manhattan,American 
Brooklyn,American 
Bronx,Sandwiches
Manhattan,Italian
Queens,"Latin (Cuban, Dominican, Puerto Rican, South & Central American)"
Manhattan,American 
Staten Island,Italian
Brooklyn,Italian
Brooklyn,Pizza
Brooklyn,Hamburgers
Brooklyn,Greek
Manhattan,American 
Manhattan,French
Brooklyn,Pizza
Brooklyn,Jewish/Kosher
Manhattan,American 
Manhattan,Café/Coffee/Tea
Bronx,Mexican
Queens,Filipino
Bronx,Donuts
Manhattan,American 
Bronx,Italian
Brooklyn,Pizza
Manhattan,Mexican
Manhattan,American 
Manhattan,American 
Manhattan,American 
Manhattan,American 
Manhattan,Brazilian
Bronx,Soul Food
Manhattan,American 
Brooklyn,Hamburgers
Bronx,Steak
Manhattan,French
Queens,"Latin (Cuban, Dominican, Puerto Rican, South & Central American)"
Manhattan,American 
Manhattan,Jewish/Kosher
Staten Island,Donuts
Brooklyn,Chinese
Manhattan,Asian
Brooklyn,Chinese
Queens,American 
Manhattan,American 
Manhattan,American 
Queens,Bagels/Pretzels
Manhattan,Korean
Queens,Korean
Queens,Pakistani
Manhattan,American 
Manhattan,Japanese
Brooklyn,American 
Queens,American 
Manhattan,Brazilian
Manhattan,American 
Queens,Hamburgers
Manhattan,Mexican
Queens,"Latin (Cuban, Dominican, Puerto Rican, South & Central American)"
Manhattan,Café/Coffee/Tea
Manhattan,Pizza
Manhattan,American 
Brooklyn,Italian
Brooklyn,Soups & Sandwiches
Queens,Delicatessen
Queens,Pizza
Manhattan,French
Queens,American 
Manhattan,American 
Manhattan,Japanese
Queens,Hamburgers
Queens,Delicatessen
Manhattan,Delicatessen
Manhattan,American 
Manhattan,"Latin (Cuban, Dominican, Puerto Rican, South & Central American)"
Manhattan,American 
Bronx,Pizza/Italian
Manhattan,American 
Brooklyn,Italian
Manhattan,American 
Manhattan,French
Manhattan,American 
Manhattan,French
Brooklyn,"Latin (Cuban, Dominican, Puerto Rican, South & Central American)"
Manhattan,Seafood
Manhattan,American 
Manhattan,American 
Bronx,Bakery
Manhattan,American 
Bronx,Hamburgers
Queens,Spanish
Bronx,Delicatessen
Manhattan,American 
Manhattan,American 
Queens,American 
Manhattan,Indian
Queens,Steak
Manhattan,Pizza
Manhattan,American 
Queens,Hamburgers
Manhattan,Hamburgers
Manhattan,Italian
Staten Island,Bagels/Pretzels
Queens,Peruvian
Brooklyn,American 
Queens,Greek
Manhattan,American 
Queens,American 
Manhattan,Turkish
Bronx,Hamburgers
Queens,American 
Queens,Italian
Manhattan,Chinese
Bronx,Caribbean
Manhattan,Steak
Staten Island,American 
Manhattan,American 
Queens,Bakery
Brooklyn,Chinese
Manhattan,American 
Brooklyn,Asian
Queens,Pizza
Manhattan,French
Bronx,Hamburgers
Manhattan,Japanese
Brooklyn,Jewish/Kosher
Manhattan,Irish
Queens,American 
Manhattan,American 
Manhattan,Pizza
Manhattan,American 
Bronx,American 
Manhattan,American 
Manhattan,Pizza/Italian
Queens,Hamburgers
Manhattan,Indian
Manhattan,American 
Bronx,Irish
Brooklyn,American 
Manhattan,Café/Coffee/Tea
Queens,Mexican
Manhattan,Italian
Manhattan,Italian
Brooklyn,American 
Manhattan,Irish
Manhattan,Mexican
Brooklyn,American 
Queens,Pizza
Manhattan,American 
Manhattan,American 
Manhattan,Italian
Queens,Mexican
Bronx,Other
Manhattan,Italian
Queens,Pizza
Manhattan,American 
Queens,Jewish/Kosher
Manhattan,French
Queens,American 
Brooklyn,American 
Brooklyn,Polish
Manhattan,American 
Queens,Hamburgers
Queens,Greek
Bronx,"Latin (Cuban, Dominican, Puerto Rican, South & Central American)"
Queens,Delicatessen
Manhattan,Chinese
Manhattan,Brazilian
Manhattan,American 
Queens,Italian
Brooklyn,Chicken
Manhattan,American 
Bronx,Hamburgers
Queens,"Latin (Cuban, Dominican, Puerto Rican, South & Central American)"
Queens,Mexican
Staten Island,Donuts
Manhattan,American 
Manhattan,Steak
Brooklyn,African
Brooklyn,Hamburgers
Staten Island,American 
Manhattan,American 
Brooklyn,American 
Manhattan,Bakery
Brooklyn,Caribbean
Manhattan,Italian
Brooklyn,Caribbean
Bronx,Pizza
Brooklyn,Hamburgers
Manhattan,American 
Bronx,American 
Staten Island,Delicatessen
Manhattan,American 
Manhattan,American 
Queens,American 
Manhattan,American 
Queens,"Latin (Cuban, Dominican, Puerto Rican, South & Central American)"
Bronx,Hamburgers
Bronx,Seafood
Queens,"Ice Cream, Gelato, Yogurt, Ices"
Manhattan,American 
Manhattan,French
Brooklyn,Mexican
Queens,Donuts
Manhattan,Pizza
Manhattan,Sandwiches/Salads/Mixed Buffet
Brooklyn,American 
Manhattan,Italian
Brooklyn,Caribbean
Bronx,American 
Manhattan,"Latin (Cuban, Dominican, Puerto Rican, South & Central American)"
Manhattan,American 
Manhattan,American 
Bronx,American 
Bronx,Pizza
Queens,Donuts
Queens,American 
Brooklyn,American 
Bronx,"Latin (Cuban, Dominican, Puerto Rican, South & Central American)"
Manhattan,American 
Manhattan,Bagels/Pretzels
Queens,American 
Queens,American 
Manhattan,Café/Coffee/Tea
Queens,American 
Manhattan,Café/Coffee/Tea
Brooklyn,Café/Coffee/Tea
Manhattan,Café/Coffee/Tea
Brooklyn,Soul Food
Manhattan,Café/Coffee/Tea
Queens,Caribbean
Manhattan,Italian
Staten Island,Pizza
Manhattan,Italian
Manhattan,American 
Brooklyn,Pizza/Italian
Manhattan,Mexican
Manhattan,Sandwiches
Manhattan,Italian
Brooklyn,American 
Manhattan,Italian
Queens,"Latin (Cuban, Dominican, Puerto Rican, South & Central American)"
Queens,Polish
Manhattan,American 
Manhattan,Japanese
Bronx,Café/Coffee/Tea
Manhattan,Seafood
Manhattan,Italian
Bronx,"Latin (Cuban, Dominican, Puerto Rican, South & Central American)"
Manhattan,"Juice, Smoothies, Fruit Salads"
Brooklyn,Sandwiches
Brooklyn,"Ice Cream, Gelato, Yogurt, Ices"
Manhattan,Vietnamese/Cambodian/Malaysia
Manhattan,Italian
Brooklyn,Bakery
Bronx,Chinese
Manhattan,American 
Queens,Greek
Manhattan,American 
Manhattan,Pizza
Manhattan,Greek
Manhattan,Indian
Manhattan,Steak
Manhattan,American 
Manhattan,American 
Brooklyn,American 
Manhattan,Café/Coffee/Tea
Manhattan,Café/Coffee/Tea
Manhattan,Café/Coffee/Tea
Manhattan,Café/Coffee/Tea
Queens,Thai
Manhattan,Café/Coffee/Tea
Manhattan,Delicatessen
Manhattan,American 
Manhattan,American 
Manhattan,Japanese
Brooklyn,Italian
Queens,Bakery
Manhattan,Pizza
Manhattan,Café/Coffee/Tea
Brooklyn,American 
Bronx,Italian
Manhattan,Delicatessen
Queens,Pizza
Queens,American 
Brooklyn,"Ice Cream, Gelato, Yogurt, Ices"
Manhattan,American 
Manhattan,Hamburgers
Bronx,Mexican
Brooklyn,"Ice Cream, Gelato, Yogurt, Ices"
Manhattan,American 
Brooklyn,American 
Manhattan,Italian
Queens,American 
Queens,Continental
Manhattan,American 
Queens,Chinese
Queens,Bakery
Manhattan,German
Manhattan,Café/Coffee/Tea
Manhattan,American 
Manhattan,Pizza
Manhattan,Café/Coffee/Tea
Brooklyn,American 
Manhattan,Brazilian
Queens,Chicken
Queens,Pizza/Italian
Brooklyn,Café/Coffee/Tea
Brooklyn,Pizza
Manhattan,Bakery
Manhattan,Bakery
Brooklyn,Spanish
Queens,Spanish
Manhattan,Italian
Brooklyn,Caribbean
Brooklyn,Caribbean
Manhattan,Café/Coffee/Tea
Brooklyn,American 
Manhattan,Café/Coffee/Tea
Manhattan,Café/Coffee/Tea
Brooklyn,American 
Manhattan,American 
Queens,Café/Coffee/Tea
Manhattan,Continental
Manhattan,American 
Queens,Pizza
Queens,Pizza
Queens,Pizza
Queens,Pizza
Queens,Chicken
Queens,Pizza
Bronx,Barbecue
Manhattan,Korean
Queens,Pizza
Manhattan,Delicatessen
Queens,Pizza
Queens,Pizza
Queens,Pizza
Manhattan,Pizza
Staten Island,Pizza
Manhattan,Tex-Mex
Manhattan,American 
Manhattan,Irish
Queens,Pizza
Manhattan,American 
Manhattan,American 
Bronx,Italian
Brooklyn,Bakery
Manhattan,French
Manhattan,American 
Manhattan,American 
Queens,American 
Brooklyn,Spanish
Queens,Indian
Manhattan,Italian
Manhattan,Bakery
Manhattan,American 
Brooklyn,American 
Staten Island,Bakery
Manhattan,American 
Manhattan,Hamburgers
Manhattan,Soul Food
Manhattan,American 
Manhattan,Pizza
Queens,American 
Brooklyn,Italian
Manhattan,American 
Manhattan,American 
Queens,Jewish/Kosher
Bronx,American 
Manhattan,Jewish/Kosher
Queens,Bagels/Pretzels
Staten Island,American 
Manhattan,French
Staten Island,American 
Manhattan,American 
Manhattan,American 
Staten Island,Pizza/Italian
Manhattan,Chinese
Manhattan,American 
Manhattan,American 
Manhattan,American 
Manhattan,Caribbean
Manhattan,American 
Brooklyn,American 
Manhattan,Pizza
Brooklyn,Irish
Manhattan,American 
Queens,Delicatessen
Manhattan,American 
Bronx,Café/Coffee/Tea
Manhattan,Japanese
Manhattan,Indian
Manhattan,American 
Queens,"Latin (Cuban, Dominican, Puerto Rican, South & Central American)"
Manhattan,Café/Coffee/Tea
Manhattan,Café/Coffee/Tea
Manhattan,American 
Manhattan,American 
Queens,Irish
Manhattan,American 
Queens,American 
Brooklyn,American 
Queens,Irish
Manhattan,American 
Manhattan,American 
Brooklyn,Café/Coffee/Tea
Staten Island,Italian
Bronx,Hamburgers
Brooklyn,American 
Queens,Hamburgers
Manhattan,American 
Queens,Chinese
Queens,Pizza
Manhattan,Italian
Bronx,Pizza
Manhattan,Italian
Brooklyn,American 
Manhattan,French
Manhattan,Italian
Manhattan,Café/Coffee/Tea
Manhattan,Chinese
Manhattan,Italian
Manhattan,Steak
Manhattan,American 
Queens,Greek
Brooklyn,Mexican
Brooklyn,American 
Manhattan,Irish
Manhattan,American 
Manhattan,Italian
Queens,Japanese
Queens,"Latin (Cuban, Dominican, Puerto Rican, South & Central American)"
Manhattan,Sandwiches/Salads/Mixed Buffet
Queens,Hamburgers
Manhattan,French
Manhattan,Indian
Staten Island,American 
Brooklyn,Bakery
Manhattan,Irish
Queens,Pizza/Italian
Queens,"Latin (Cuban, Dominican, Puerto Rican, South & Central American)"
Manhattan,Sandwiches/Salads/Mixed Buffet
Manhattan,Delicatessen
Queens,American 
Manhattan,American 
Bronx,American 
Queens,American 
Brooklyn,American 
Brooklyn,Pizza
Bronx,Bakery
Manhattan,Asian
Manhattan,Japanese
Manhattan,French
Manhattan,American 
Manhattan,American 
Manhattan,American 
Brooklyn,Café/Coffee/Tea
Queens,American 
Brooklyn,Pizza
Bronx,Pizza/Italian
Manhattan,American 
Queens,Japanese
Queens,Italian
Brooklyn,Russian
Queens,Pizza
Queens,Italian
Manhattan,American 
Brooklyn,Donuts
Manhattan,Delicatessen
Brooklyn,Mexican
Manhattan,American 
Manhattan,Japanese
Manhattan,Hamburgers
Manhattan,Greek
Brooklyn,American 
Manhattan,Seafood
Brooklyn,American 
Queens,Seafood
Manhattan,Japanese
Manhattan,French
Brooklyn,American 
Bronx,Hamburgers
Manhattan,"Juice, Smoothies, Fruit Salads"
Manhattan,Hamburgers
Manhattan,American 
Manhattan,Hamburgers
Manhattan,Greek
Brooklyn,Jewish/Kosher
Manhattan,Delicatessen
Brooklyn,American 
Manhattan,Café/Coffee/Tea
Manhattan,Café/Coffee/Tea
Manhattan,Café/Coffee/Tea
Bronx,Café/Coffee/Tea
Queens,Hamburgers
Brooklyn,Hamburgers
Manhattan,American 
Brooklyn,Hamburgers
Manhattan,Italian
Brooklyn,Caribbean
Brooklyn,Italian
Brooklyn,Caribbean
Manhattan,Café/Coffee/Tea
Manhattan,Café/Coffee/Tea
Queens,Café/Coffee/Tea
Manhattan,Café/Coffee/Tea
Brooklyn,American 
Queens,"Latin (Cuban, Dominican, Puerto Rican, South & Central American)"
Manhattan,Café/Coffee/Tea
Manhattan,Sandwiches/Salads/Mixed Buffet
Brooklyn,American 
Manhattan,Sandwiches/Salads/Mixed Buffet
Manhattan,Sandwiches/Salads/Mixed Buffet
Queens,"Latin (Cuban, Dominican, Puerto Rican, South & Central American)"
Bronx,Caribbean
Manhattan,Sandwiches/Salads/Mixed Buffet
Brooklyn,Hamburgers
Brooklyn,Hamburgers
Brooklyn,"Latin (Cuban, Dominican, Puerto Rican, South & Central American)"
Manhattan,American 
Manhattan,Hamburgers
Manhattan,Sandwiches/Salads/Mixed Buffet
Queens,Mexican
Manhattan,Pizza
Manhattan,American 
Queens,Donuts
Queens,Donuts
Manhattan,American 
Bronx,Bakery
Brooklyn,Jewish/Kosher
Brooklyn,"Latin (Cuban, Dominican, Puerto Rican, South & Central American)"
Bronx,Pizza
Queens,Bakery
Manhattan,German
Manhattan,American 
Manhattan,"Latin (Cuban, Dominican, Puerto Rican, South & Central American)"
Manhattan,Sandwiches/Salads/Mixed Buffet
Manhattan,Chinese
Queens,Bakery
Brooklyn,Pizza/Italian
Manhattan,Pizza/Italian
Brooklyn,Pizza
Brooklyn,Pizza
Brooklyn,Pizza
Bronx,Pizza
Bronx,Pizza
Brooklyn,Pizza
Bronx,Pizza
Bronx,Pizza
Manhattan,Italian
Queens,Pizza
Brooklyn,Pizza
Queens,Pizza
Queens,Pizza
Queens,Pizza
Queens,Pizza
Manhattan,American 
Queens,"Latin (Cuban, Dominican, Puerto Rican, South & Central American)"
Queens,Pizza
Brooklyn,Pizza
Bronx,"Latin (Cuban, Dominican, Puerto Rican, South & Central American)"
Manhattan,Italian
Manhattan,Chinese
Manhattan,American 
Manhattan,Italian
Manhattan,American 
Brooklyn,Pizza
Brooklyn,Mexican
Queens,Pizza
Queens,Delicatessen
Queens,Bakery
Staten Island,American 
Brooklyn,Pizza
Queens,American 
Queens,Italian
Manhattan,Mexican
Brooklyn,Vegetarian
Brooklyn,Pizza
Brooklyn,Pizza
Brooklyn,Pizza
Queens,Pizza
Staten Island,American 
Queens,Eastern European
Manhattan,American 
Manhattan,Donuts
Manhattan,Irish
Bronx,American 
Manhattan,Café/Coffee/Tea
Manhattan,American 
Queens,Hamburgers
Bronx,American 
Manhattan,American 
Manhattan,Café/Coffee/Tea
Queens,American 
Queens,American 
Brooklyn,American 
Manhattan,Turkish
Manhattan,Mexican
Manhattan,American 
Brooklyn,Bakery
Manhattan,American 
Manhattan,American 
Manhattan,American 
Manhattan,American 
Manhattan,American 
Manhattan,Café/Coffee/Tea
Manhattan,American 
Manhattan,American 
Manhattan,American 
Queens,American 
Manhattan,American 
Queens,Café/Coffee/Tea
Manhattan,Bakery
Manhattan,Vietnamese/Cambodian/Malaysia
Manhattan,Pizza
Manhattan,Hamburgers
Manhattan,Pizza/Italian
Manhattan,American 
Manhattan,Mediterranean
Manhattan,Pizza
Brooklyn,Spanish
Manhattan,Barbecue
Manhattan,American 
Bronx,American 
Manhattan,Chinese
Bronx,"Juice, Smoothies, Fruit Salads"
Brooklyn,Hamburgers
Queens,Korean
Brooklyn,American 
Queens,Indian
Brooklyn,Pizza
Manhattan,Café/Coffee/Tea
Manhattan,Café/Coffee/Tea
Bronx,Pizza
Brooklyn,Turkish
Queens,Irish
Queens,Chinese
Manhattan,Italian
Manhattan,American 
Queens,"Latin (Cuban, Dominican, Puerto Rican, South & Central American)"
Queens,Italian
Manhattan,"Latin (Cuban, Dominican, Puerto Rican, South & Central American)"
Queens,American 
Bronx,Pizza
Manhattan,Irish
Brooklyn,Indian
Brooklyn,American 
Manhattan,Italian
Manhattan,American 
Manhattan,American 
Queens,American 
Queens,Jewish/Kosher
Brooklyn,"Latin (Cuban, Dominican, Puerto Rican, South & Central American)"
Brooklyn,American 
Brooklyn,Delicatessen
Manhattan,American 
Manhattan,Bakery
Manhattan,"Juice, Smoothies, Fruit Salads"
Manhattan,"Latin (Cuban, Dominican, Puerto Rican, South & Central American)"
Manhattan,Mexican
Queens,Chinese
Manhattan,Mexican
Manhattan,Italian
Manhattan,Soups & Sandwiches
Manhattan,American 
Manhattan,Bagels/Pretzels
Brooklyn,Pizza
Bronx,Pizza
Manhattan,American 
Brooklyn,Pizza/Italian
Manhattan,Mexican
Bronx,"Juice, Smoothies, Fruit Salads"
Manhattan,Pizza
Brooklyn,Café/Coffee/Tea
Queens,Mexican
Manhattan,"Latin (Cuban, Dominican, Puerto Rican, South & Central American)"
Queens,"Ice Cream, Gelato, Yogurt, Ices"
Manhattan,American 
Queens,Chinese
Queens,Mexican
Manhattan,Café/Coffee/Tea
Brooklyn,Hamburgers
Manhattan,American 
Manhattan,American 
Queens,Hamburgers
Brooklyn,Turkish
Manhattan,Chinese
Brooklyn,Hamburgers
Queens,Chinese
Brooklyn,Caribbean
Manhattan,German
Brooklyn,Vegetarian
Manhattan,American 
Brooklyn,American 
Brooklyn,Caribbean
Queens,Delicatessen
Manhattan,Italian
Brooklyn,Jewish/Kosher
Manhattan,Asian
Queens,Pizza
Manhattan,American 
Bronx,Chinese
Brooklyn,Caribbean
Manhattan,American 
Queens,Korean
Manhattan,Sandwiches
Bronx,"Latin (Cuban, Dominican, Puerto Rican, South & Central American)"
Brooklyn,Mexican
Queens,Pizza/Italian
Manhattan,American 
Queens,Pizza
Brooklyn,Jewish/Kosher
Queens,Café/Coffee/Tea
Manhattan,Café/Coffee/Tea
Brooklyn,Chicken
Staten Island,Hamburgers
Brooklyn,Pizza
Brooklyn,Italian
Manhattan,Irish
Manhattan,Irish
Manhattan,Seafood
Brooklyn,Spanish
Queens,Pizza/Italian
Manhattan,American 
Manhattan,Italian
Manhattan,Pizza
Queens,Chinese
Manhattan,Delicatessen
Queens,American 
Manhattan,Middle Eastern
Manhattan,Delicatessen
Manhattan,American 
Manhattan,American 
Manhattan,American 
Manhattan,Pizza/Italian
Queens,Hamburgers
Queens,American 
Manhattan,American 
Queens,"Latin (Cuban, Dominican, Puerto Rican, South & Central American)"
Staten Island,American 
Queens,American 
Queens,Chicken
Staten Island,American 
Queens,American 
Staten Island,American 
Queens,American 
Queens,American 
Brooklyn,American 
Queens,American 
Queens,American 
Brooklyn,American 
Manhattan,Café/Coffee/Tea
Manhattan,Italian
Manhattan,Italian
Manhattan,Café/Coffee/Tea
Manhattan,Café/Coffee/Tea
Queens,American 
Manhattan,Café/Coffee/Tea
Manhattan,Café/Coffee/Tea
Manhattan,American 
Manhattan,Delicatessen
Manhattan,Café/Coffee/Tea
Manhattan,Café/Coffee/Tea
Manhattan,American 
Manhattan,Café/Coffee/Tea
Brooklyn,Pizza
Queens,Café/Coffee/Tea
Queens,American 
Brooklyn,Chinese
Brooklyn,Caribbean
Manhattan,Barbecue
Queens,Chicken
Staten Island,Pizza
Manhattan,Ethiopian
Brooklyn,"Ice Cream, Gelato, Yogurt, Ices"
Queens,"Latin (Cuban, Dominican, Puerto Rican, South & Central American)"
Brooklyn,Café/Coffee/Tea
Brooklyn,American 
Manhattan,Indian
Manhattan,Chinese
Manhattan,Indian
Bronx,Hamburgers
Bronx,American 
Brooklyn,"Ice Cream, Gelato, Yogurt, Ices"
Brooklyn,American 
Queens,Pizza
Bronx,Hamburgers
Manhattan,Asian
Queens,American 
Manhattan,American 
Brooklyn,Russian
Brooklyn,American 
Brooklyn,Caribbean
Manhattan,Pizza
Queens,"Latin (Cuban, Dominican, Puerto Rican, South & Central American)"
Manhattan,Japanese
Manhattan,American 
Queens,American 
Manhattan,Pizza
Manhattan,American 
Queens,Jewish/Kosher
Manhattan,American 
Queens,Mexican
Manhattan,American 
Queens,Spanish
Brooklyn,American 
Bronx,American 
Queens,African
Brooklyn,Delicatessen
Manhattan,Café/Coffee/Tea
Manhattan,Tapas
Manhattan,American 
Brooklyn,Thai
Manhattan,Mexican
Manhattan,Hamburgers
Manhattan,Jewish/Kosher
Manhattan,Pizza
Brooklyn,Seafood
Staten Island,American 
Manhattan,American 
Manhattan,Brazilian
Manhattan,Delicatessen
Brooklyn,Chinese
Manhattan,Other
Manhattan,Hamburgers
Bronx,American 
Manhattan,American 
Bronx,Hamburgers
Bronx,Hamburgers
Queens,Pizza
Manhattan,Italian
Manhattan,Irish
Manhattan,American 
Manhattan,Indian
Manhattan,Italian
Manhattan,French
Manhattan,"Latin (Cuban, Dominican, Puerto Rican, South & Central American)"
Manhattan,Pizza
Manhattan,American 
Staten Island,Italian
Brooklyn,Seafood
Brooklyn,Italian
Bronx,Chinese
Staten Island,Café/Coffee/Tea
Manhattan,Bangladeshi
Brooklyn,Pizza
Manhattan,American 
Brooklyn,Jewish/Kosher
Manhattan,American 
Manhattan,Hamburgers
Brooklyn,Irish
Manhattan,Café/Coffee/Tea
Manhattan,"Latin (Cuban, Dominican, Puerto Rican, South & Central American)"
Manhattan,Seafood
Staten Island,American 
Staten Island,American 
Staten Island,American 
Brooklyn,Bakery
Brooklyn,French
Brooklyn,Jewish/Kosher
Queens,Bagels/Pretzels
Staten Island,American 
Queens,Korean
Brooklyn,Italian
Brooklyn,Caribbean
Queens,Bakery
Brooklyn,Hamburgers
Manhattan,American 
Queens,American 
Queens,Indian
Manhattan,Mediterranean
Queens,American 
Bronx,"Latin (Cuban, Dominican, Puerto Rican, South & Central American)"
Manhattan,American 
Manhattan,Italian
Manhattan,Sandwiches/Salads/Mixed Buffet
Manhattan,Sandwiches/Salads/Mixed Buffet
Bronx,"Latin (Cuban, Dominican, Puerto Rican, South & Central American)"
Manhattan,American 
Manhattan,Japanese
Manhattan,Sandwiches/Salads/Mixed Buffet
Queens,Czech
Manhattan,Ethiopian
Manhattan,Japanese
Manhattan,Bakery
Manhattan,Italian
Queens,Italian
Manhattan,American 
Manhattan,Italian
Manhattan,Café/Coffee/Tea
Manhattan,Café/Coffee/Tea
Bronx,"Ice Cream, Gelato, Yogurt, Ices"
Manhattan,Café/Coffee/Tea
Brooklyn,Pizza
Manhattan,Italian
Queens,"Latin (Cuban, Dominican, Puerto Rican, South & Central American)"
Manhattan,Turkish
Brooklyn,Japanese
Manhattan,Café/Coffee/Tea
Manhattan,Hamburgers
Queens,Delicatessen
Queens,Greek
Manhattan,Salads
Manhattan,French
Bronx,Irish
Queens,American 
Queens,American 
Bronx,American 
Staten Island,American 
Brooklyn,English
Queens,Italian
Manhattan,Japanese
Queens,American 
Manhattan,Café/Coffee/Tea
Manhattan,American 
Queens,Middle Eastern
Brooklyn,Café/Coffee/Tea
Brooklyn,Café/Coffee/Tea
Manhattan,Café/Coffee/Tea
Queens,"Latin (Cuban, Dominican, Puerto Rican, South & Central American)"
Manhattan,American 
Manhattan,American 
Manhattan,Italian
Manhattan,Irish
Manhattan,Japanese
Queens,Donuts
Bronx,Steak
Brooklyn,Pizza
Queens,American 
Manhattan,American 
Brooklyn,Pizza
Brooklyn,American 
Manhattan,Café/Coffee/Tea
Staten Island,American 
Queens,"Ice Cream, Gelato, Yogurt, Ices"
Manhattan,Mexican
Manhattan,Japanese
Queens,Pizza
Brooklyn,American 
Manhattan,"Latin (Cuban, Dominican, Puerto Rican, South & Central American)"
Brooklyn,American 
Manhattan,Pizza/Italian
Queens,Tapas
Manhattan,American 
Bronx,Italian
Queens,Continental
Manhattan,American 
Queens,American 
Manhattan,American 
Queens,Bakery
Manhattan,Soups & Sandwiches
Manhattan,Pizza/Italian
Manhattan,Jewish/Kosher
Manhattan,"Latin (Cuban, Dominican, Puerto Rican, South & Central American)"
Brooklyn,Caribbean
Brooklyn,Pizza
Manhattan,Chinese
Manhattan,Sandwiches
Queens,Indian
Manhattan,Asian
Manhattan,Café/Coffee/Tea
Manhattan,Café/Coffee/Tea
Manhattan,Mexican
Queens,Indian
Queens,Sandwiches
Staten Island,"Ice Cream, Gelato, Yogurt, Ices"
Queens,American 
Bronx,Hamburgers
Manhattan,American 
Manhattan,French
Queens,American 
Brooklyn,American 
Manhattan,American 
Manhattan,Delicatessen
Manhattan,Japanese
Bronx,Chinese
Manhattan,American 
Brooklyn,Bakery
Brooklyn,Caribbean
Queens,Café/Coffee/Tea
Queens,Delicatessen
Manhattan,Irish
Manhattan,American 
Manhattan,Japanese
Manhattan,American 
Manhattan,French
Brooklyn,American 
Bronx,African
Manhattan,Chinese
Brooklyn,American 
Manhattan,American 
Manhattan,Italian
Manhattan,American 
Manhattan,Irish
Queens,Indian
Manhattan,Polish
Manhattan,Irish
Manhattan,American 
Bronx,"Latin (Cuban, Dominican, Puerto Rican, South & Central American)"
Queens,Indian
Manhattan,Pizza
Manhattan,Tapas
Manhattan,Italian
Manhattan,American 
Manhattan,Café/Coffee/Tea
Manhattan,Café/Coffee/Tea
Manhattan,Café/Coffee/Tea
Manhattan,Café/Coffee/Tea
Queens,American 
Brooklyn,American 
Brooklyn,American 
Brooklyn,American 
Brooklyn,American 
Manhattan,American 
Brooklyn,American 
Bronx,Delicatessen
Brooklyn,American 
Manhattan,American 
Brooklyn,Chicken
Brooklyn,"Juice, Smoothies, Fruit Salads"
Manhattan,American 
Brooklyn,Pizza
Bronx,Café/Coffee/Tea
Queens,American 
Brooklyn,American 
Brooklyn,Caribbean
Manhattan,Soul Food
Manhattan,French
Brooklyn,American 
Brooklyn,Bakery
Manhattan,Irish
Staten Island,Bagels/Pretzels
Bronx,American 
Bronx,Chinese
Manhattan,Bakery
Queens,Caribbean
Brooklyn,American 
Manhattan,Sandwiches
Manhattan,Italian
Manhattan,American 
Brooklyn,"Latin (Cuban, Dominican, Puerto Rican, South & Central American)"
Queens,Sandwiches
Manhattan,Italian
Manhattan,Mexican
Brooklyn,Eastern European
Manhattan,Delicatessen
Brooklyn,American 
Brooklyn,Donuts
Brooklyn,Russian
Manhattan,Sandwiches
Queens,"Latin (Cuban, Dominican, Puerto Rican, South & Central American)"
Brooklyn,"Latin (Cuban, Dominican, Puerto Rican, South & Central American)"
Manhattan,French
Manhattan,French
Queens,American 
Queens,Café/Coffee/Tea
Queens,Japanese
Bronx,Chicken
Manhattan,American 
Manhattan,French
Manhattan,Japanese
Bronx,Chinese
Manhattan,Italian
Staten Island,American 
Queens,Delicatessen
Manhattan,Japanese
Bronx,Pizza
Manhattan,Pizza
Manhattan,Delicatessen
Manhattan,Hotdogs
Manhattan,American 
Queens,American 
Brooklyn,Chinese
Manhattan,Irish
Bronx,Hamburgers
Manhattan,Café/Coffee/Tea
Manhattan,Café/Coffee/Tea
Manhattan,American 
Manhattan,Italian
Brooklyn,Jewish/Kosher
Queens,Caribbean
Manhattan,"Juice, Smoothies, Fruit Salads"
Bronx,American 
Manhattan,American 
Queens,American 
Brooklyn,Caribbean
Manhattan,Jewish/Kosher
Brooklyn,"Ice Cream, Gelato, Yogurt, Ices"
Queens,"Latin (Cuban, Dominican, Puerto Rican, South & Central American)"
Bronx,Mexican
Brooklyn,American 
Staten Island,American 
Queens,American 
Manhattan,Italian
Manhattan,German
Manhattan,Café/Coffee/Tea
Manhattan,Italian
Manhattan,Korean
Manhattan,Italian
Manhattan,Italian
Manhattan,American 
Bronx,Café/Coffee/Tea
Manhattan,Café/Coffee/Tea
Brooklyn,Pizza
Manhattan,American 
Brooklyn,Caribbean
Brooklyn,American 
Manhattan,American 
Manhattan,Tex-Mex
Queens,Irish
Bronx,American 
Manhattan,Chicken
Bronx,Chinese
Queens,Jewish/Kosher
Manhattan,American 
Brooklyn,American 
Manhattan,"Ice Cream, Gelato, Yogurt, Ices"
Brooklyn,Italian
Queens,Sandwiches
Queens,Pizza/Italian
Queens,Italian
Brooklyn,American 
Brooklyn,Bakery
Brooklyn,Caribbean
Staten Island,Spanish
Manhattan,American 
Brooklyn,Pizza/Italian
Brooklyn,Korean
Brooklyn,Jewish/Kosher
Manhattan,Hamburgers
Queens,"Latin (Cuban, Dominican, Puerto Rican, South & Central American)"
Manhattan,French
Manhattan,American 
Manhattan,Chinese
Staten Island,Pizza
Queens,"Latin (Cuban, Dominican, Puerto Rican, South & Central American)"
Brooklyn,American 
Bronx,Hamburgers
Queens,Pizza
Queens,American 
Manhattan,American 
Manhattan,Vegetarian
Bronx,American 
Brooklyn,Italian
Manhattan,American 
Brooklyn,Chinese
Brooklyn,American 
Brooklyn,Egyptian
Manhattan,American 
Manhattan,Italian
Bronx,Sandwiches
Manhattan,Italian
Queens,American 
Staten Island,Bakery
Brooklyn,Jewish/Kosher
Bronx,"Latin (Cuban, Dominican, Puerto Rican, South & Central American)"
Brooklyn,Caribbean
Manhattan,American 
Manhattan,Hamburgers
Manhattan,Chinese
Bronx,Pizza/Italian
Bronx,Hamburgers
Bronx,Hamburgers
Queens,American 
Manhattan,French
Manhattan,American 
Manhattan,Delicatessen
Manhattan,Pizza
Brooklyn,American 
Manhattan,Japanese
Manhattan,Hotdogs
Queens,Greek
Staten Island,Pizza
Queens,Pizza
Manhattan,American 
Manhattan,Seafood
Brooklyn,Italian
Manhattan,Chicken
Brooklyn,Pizza
Queens,Pizza
Bronx,Pizza
Bronx,Pizza
Manhattan,Pizza/Italian
Bronx,"Latin (Cuban, Dominican, Puerto Rican, South & Central American)"
Bronx,Pizza
Manhattan,American 
Manhattan,Café/Coffee/Tea
Manhattan,American 
Manhattan,American 
Manhattan,Chicken
Queens,Eastern European
Queens,Pizza
Manhattan,American 
Brooklyn,Pizza
Brooklyn,Chicken
Queens,American 
Manhattan,Afghan
Brooklyn,Hamburgers
Manhattan,American 
Manhattan,Mexican
Manhattan,Middle Eastern
Manhattan,American 
Queens,Donuts
Bronx,Hamburgers
Bronx,Hamburgers
Bronx,American 
Manhattan,Barbecue
Staten Island,American 
Brooklyn,Café/Coffee/Tea
Bronx,Chicken
Bronx,"Latin (Cuban, Dominican, Puerto Rican, South & Central American)"
Manhattan,Chinese
Manhattan,Chinese
Manhattan,Italian
Manhattan,Indian
Manhattan,French
Manhattan,Italian
Queens,Korean
Staten Island,Bagels/Pretzels
Queens,Chinese
Bronx,"Latin (Cuban, Dominican, Puerto Rican, South & Central American)"
Manhattan,Japanese
Brooklyn,Caribbean
Manhattan,American 
Manhattan,Thai
Bronx,Pizza
Brooklyn,Bakery
Manhattan,Café/Coffee/Tea
Manhattan,American 
Manhattan,Café/Coffee/Tea
Manhattan,American 
Brooklyn,Italian
Manhattan,American 
Manhattan,American 
Queens,Italian
Brooklyn,Spanish
Queens,Pizza
Manhattan,Café/Coffee/Tea
Brooklyn,Donuts
Manhattan,American 
Bronx,American 
Brooklyn,Bakery
Bronx,American 
Manhattan,Italian
Manhattan,American 
Brooklyn,American 
Bronx,Seafood
Queens,Peruvian
Manhattan,Caribbean
Manhattan,Café/Coffee/Tea
Manhattan,American 
Manhattan,American 
Manhattan,Italian
Staten Island,American 
Brooklyn,Pizza/Italian
Queens,Pizza
Brooklyn,American 
Queens,Caribbean
Bronx,American 
Brooklyn,American 
Bronx,"Ice Cream, Gelato, Yogurt, Ices"
Queens,Greek
Bronx,Delicatessen
Queens,Pizza/Italian
Brooklyn,Delicatessen
Bronx,Bakery
Manhattan,Pizza
Brooklyn,Jewish/Kosher
Manhattan,Café/Coffee/Tea
Manhattan,Japanese
Manhattan,Pizza
Manhattan,Japanese
Brooklyn,American 
Manhattan,American 
Manhattan,Pizza
Queens,Bakery
Manhattan,American 
Manhattan,American 
Queens,Pizza
Manhattan,American 
Manhattan,Caribbean
Queens,French
Queens,Irish
Manhattan,Café/Coffee/Tea
Manhattan,American 
Brooklyn,Caribbean
Brooklyn,Thai
Manhattan,German
Brooklyn,American 
Manhattan,American 
Queens,Hamburgers
Manhattan,American 
Manhattan,Chinese
Manhattan,Café/Coffee/Tea
Brooklyn,American 
Manhattan,"Juice, Smoothies, Fruit Salads"
Brooklyn,Delicatessen
Queens,Sandwiches
Brooklyn,Mediterranean
Manhattan,Japanese
Manhattan,American 
Manhattan,American 
Queens,Bakery
Manhattan,American 
Manhattan,American 
Brooklyn,Pizza
Staten Island,Donuts
Bronx,Irish
Manhattan,American 
Manhattan,American 
Brooklyn,Caribbean
Manhattan,American 
Bronx,Caribbean
Manhattan,Barbecue
Queens,American 
Queens,"Latin (Cuban, Dominican, Puerto Rican, South & Central American)"
Manhattan,American 
Queens,Chinese
Manhattan,Café/Coffee/Tea
Brooklyn,Pizza
Manhattan,Delicatessen
Brooklyn,Italian
Queens,Donuts
Manhattan,Hamburgers
Queens,American 
Manhattan,Italian
Manhattan,Italian
Bronx,Caribbean
Queens,Bakery
Brooklyn,American 
Manhattan,Indian
Manhattan,Delicatessen
Manhattan,Korean
Bronx,Pizza
Queens,"Latin (Cuban, Dominican, Puerto Rican, South & Central American)"
Manhattan,American 
Queens,Pizza/Italian
Manhattan,French
Brooklyn,American 
Brooklyn,American 
Brooklyn,American 
Brooklyn,Mexican
Brooklyn,American 
Manhattan,Italian
Manhattan,American 
Brooklyn,Pizza/Italian
Brooklyn,Middle Eastern
Manhattan,Mexican
Manhattan,Chicken
Queens,Chinese
Queens,Sandwiches
Queens,American 
Brooklyn,Jewish/Kosher
Manhattan,Greek
Manhattan,Café/Coffee/Tea
Manhattan,American 
Bronx,Bakery
Manhattan,American 
Brooklyn,Chinese
Bronx,Soul Food
Brooklyn,Chinese
Bronx,American 
Manhattan,American 
Manhattan,American 
Queens,American 
Manhattan,American 
Manhattan,Spanish
Brooklyn,Chinese
Queens,Korean
Brooklyn,American 
Manhattan,Japanese
Bronx,Pizza/Italian
Brooklyn,American 
Brooklyn,Pizza
Manhattan,American 
Manhattan,American 
Manhattan,Steak
Manhattan,Pizza
Queens,Chinese
Manhattan,Sandwiches
Manhattan,Bagels/Pretzels
Manhattan,Bagels/Pretzels
Brooklyn,"Latin (Cuban, Dominican, Puerto Rican, South & Central American)"
Brooklyn,American 
Queens,Caribbean
Manhattan,American 
Manhattan,American 
Bronx,Bakery
Manhattan,American 
Manhattan,Soups & Sandwiches
Manhattan,American 
Bronx,Chinese
Manhattan,Café/Coffee/Tea
Brooklyn,Spanish
Brooklyn,Café/Coffee/Tea
Manhattan,Japanese
Manhattan,Sandwiches/Salads/Mixed Buffet
Brooklyn,Chinese
